TIME,I131,I132,I133,I134,I135,KR83M,KR85M,KR85,KR87,KR88,XE131M,XE133M,XE133,XE135M,XE135,XE138,CO58,CO60,RB86,SR89,SR90,Y90,Y91,ZR95,NB95,MO99,TC99M,RU103,RU106,SB127,TE127,TE127M,TE129,TE129M,TE132,CS134,CS136,CS137,BA140,LA140,CE141,CE144,PR143,ND147,NP239,PU238,PU239,PU240,PU241,AM241,CM242,CM244
60.0,0.0003150994307361543,0.0003736171347554773,0.0005046774749644101,7.768067007418722e-05,0.00028409206424839795,7.619774260092527e-05,0.00331001915037632,0.0028145057149231434,7.798473961884156e-05,0.043026648461818695,0.00011949375766562298,0.002816024236381054,0.04306860268115997,7.784498302498832e-05,0.0001203238862217404,0.00010931234282907099,1.0038337938667041e-09,1.0038337938667041e-09,1.0038337938667041e-09,1.0038337938667041e-09,1.0038337938667041e-09,1.0038337938667041e-09,1.0038337938667041e-09,1.0038337938667041e-09,1.0038337938667041e-09,1.0038337938667041e-09,1.0038337938667041e-09,1.0038337938667041e-09,1.0038337938667041e-09,1.0038337938667041e-09,1.0038337938667041e-09,1.0038337938667041e-09,1.0038337938667041e-09,1.0038337938667041e-09,1.0038337938667041e-09,1.0038337938667041e-09,1.0038337938667041e-09,1.0038337938667041e-09,1.0038337938667041e-09,1.0038337938667041e-09,1.0038337938667041e-09,1.0038337938667041e-09,1.0038337938667041e-09,1.0038337938667041e-09,1.0038337938667041e-09,1.0038337938667041e-09,1.0038337938667041e-09,1.0038337938667041e-09,1.0038337938667041e-09,1.0038337938667041e-09,1.0038337938667041e-09,1.0038337938667041e-09
120.0,0.0006360458210110664,0.0007544366526417434,0.0010187774896621704,0.0001568865409353748,0.0005735520971938968,0.00016611714090686291,0.007216714322566986,0.006136183626949787,0.00016998850333038718,0.09381020069122314,0.0002604642359074205,0.006139208097010851,0.09389375895261765,0.00016971013974398375,0.00026211762451566756,0.00023831288854125887,1.0076670609038274e-09,1.0076670609038274e-09,1.0076670609038274e-09,1.0076670609038274e-09,1.0076670609038274e-09,1.0076670609038274e-09,1.0076670609038274e-09,1.0076670609038274e-09,1.0076670609038274e-09,1.0076670609038274e-09,1.0076670609038274e-09,1.0076670609038274e-09,1.0076670609038274e-09,1.0076670609038274e-09,1.0076670609038274e-09,1.0076670609038274e-09,1.0076670609038274e-09,1.0076670609038274e-09,1.0076670609038274e-09,1.0076670609038274e-09,1.0076670609038274e-09,1.0076670609038274e-09,1.0076670609038274e-09,1.0076670609038274e-09,1.0076670609038274e-09,1.0076670609038274e-09,1.0076670609038274e-09,1.0076670609038274e-09,1.0076670609038274e-09,1.0076670609038274e-09,1.0076670609038274e-09,1.0076670609038274e-09,1.0076670609038274e-09,1.0076670609038274e-09,1.0076670609038274e-09,1.0076670609038274e-09
180.0,0.0011449515586718917,0.0013640758115798235,0.0018352491315454245,0.0002843080728780478,0.0010346297640353441,0.0005708180833607912,0.024809591472148895,0.021091081202030182,0.0005836169002577662,0.32251378893852234,0.0008941370178945363,0.02109561301767826,0.32263895869255066,0.0005831999005749822,0.0008966136956587434,0.0008189567597582936,1.0121845583910272e-09,1.0121845583910272e-09,1.0121845583910272e-09,1.0121845583910272e-09,1.0121845583910272e-09,1.0121845583910272e-09,1.0121845583910272e-09,1.0121845583910272e-09,1.0121845583910272e-09,1.0121845583910272e-09,1.0121845583910272e-09,1.0121845583910272e-09,1.0121845583910272e-09,1.0121845583910272e-09,1.0121845583910272e-09,1.0121845583910272e-09,1.0121845583910272e-09,1.0121845583910272e-09,1.0121845583910272e-09,1.0121845583910272e-09,1.0121845583910272e-09,1.0121845583910272e-09,1.0121845583910272e-09,1.0121845583910272e-09,1.0121845583910272e-09,1.0121845583910272e-09,1.0121845583910272e-09,1.0121845583910272e-09,1.0121845583910272e-09,1.0121845583910272e-09,1.0121845583910272e-09,1.0121845583910272e-09,1.0121845583910272e-09,1.0121845583910272e-09,1.0121845583910272e-09,1.0121845583910272e-09
240.0,0.0019107080297544599,0.0022863983176648617,0.0030649187974631786,0.0004776173736900091,0.0017302241176366806,0.0014066356234252453,0.061146657913923264,0.051978569477796555,0.0014377344632521272,0.794891893863678,0.0022025995422154665,0.05198460444808006,0.7950586676597595,0.0014371788129210472,0.002205899450927973,0.0020181601867079735,1.0176393061556155e-09,1.0176393061556155e-09,1.0176393061556155e-09,1.0176393061556155e-09,1.0176393061556155e-09,1.0176393061556155e-09,1.0176393061556155e-09,1.0176393061556155e-09,1.0176393061556155e-09,1.0176393061556155e-09,1.0176393061556155e-09,1.0176393061556155e-09,1.0176393061556155e-09,1.0176393061556155e-09,1.0176393061556155e-09,1.0176393061556155e-09,1.0176393061556155e-09,1.0176393061556155e-09,1.0176393061556155e-09,1.0176393061556155e-09,1.0176393061556155e-09,1.0176393061556155e-09,1.0176393061556155e-09,1.0176393061556155e-09,1.0176393061556155e-09,1.0176393061556155e-09,1.0176393061556155e-09,1.0176393061556155e-09,1.0176393061556155e-09,1.0176393061556155e-09,1.0176393061556155e-09,1.0176393061556155e-09,1.0176393061556155e-09,1.0176393061556155e-09,1.0176393061556155e-09,1.0176393061556155e-09
300.0,0.0029269102960824966,0.0035136002115905285,0.004697468131780624,0.0007351698586717248,0.0026544807478785515,0.0026649166829884052,0.11585166305303574,0.09847886115312576,0.0027234992012381554,1.5060540437698364,0.004172308370471001,0.09848640114068985,1.5062624216079712,0.002722805133089423,0.004176431335508823,0.003823508508503437,1.0240125414284762e-09,1.0240125414284762e-09,1.0240125414284762e-09,1.0240125414284762e-09,1.0240125414284762e-09,1.0240125414284762e-09,1.0240125414284762e-09,1.0240125414284762e-09,1.0240125414284762e-09,1.0240125414284762e-09,1.0240125414284762e-09,1.0240125414284762e-09,1.0240125414284762e-09,1.0240125414284762e-09,1.0240125414284762e-09,1.0240125414284762e-09,1.0240125414284762e-09,1.0240125414284762e-09,1.0240125414284762e-09,1.0240125414284762e-09,1.0240125414284762e-09,1.0240125414284762e-09,1.0240125414284762e-09,1.0240125414284762e-09,1.0240125414284762e-09,1.0240125414284762e-09,1.0240125414284762e-09,1.0240125414284762e-09,1.0240125414284762e-09,1.0240125414284762e-09,1.0240125414284762e-09,1.0240125414284762e-09,1.0240125414284762e-09,1.0240125414284762e-09,1.0240125414284762e-09,1.0240125414284762e-09
360.0,0.004186875652521849,0.0050375573337078094,0.0067221480421721935,0.001055253203958273,0.0038013034500181675,0.004336508922278881,0.1885266751050949,0.16025365889072418,0.004431561101227999,2.4508252143859863,0.006788938771933317,0.16026270389556885,2.4510750770568848,0.004430728033185005,0.0067938850261271,0.006221866235136986,1.0312841691728636e-09,1.0312841691728636e-09,1.0312841691728636e-09,1.0312841691728636e-09,1.0312841691728636e-09,1.0312841691728636e-09,1.0312841691728636e-09,1.0312841691728636e-09,1.0312841691728636e-09,1.0312841691728636e-09,1.0312841691728636e-09,1.0312841691728636e-09,1.0312841691728636e-09,1.0312841691728636e-09,1.0312841691728636e-09,1.0312841691728636e-09,1.0312841691728636e-09,1.0312841691728636e-09,1.0312841691728636e-09,1.0312841691728636e-09,1.0312841691728636e-09,1.0312841691728636e-09,1.0312841691728636e-09,1.0312841691728636e-09,1.0312841691728636e-09,1.0312841691728636e-09,1.0312841691728636e-09,1.0312841691728636e-09,1.0312841691728636e-09,1.0312841691728636e-09,1.0312841691728636e-09,1.0312841691728636e-09,1.0312841691728636e-09,1.0312841691728636e-09,1.0312841691728636e-09,1.0312841691728636e-09
420.0,0.0056844232603907585,0.006850744131952524,0.009129023179411888,0.001436280901543796,0.005165048874914646,0.00641303276643157,0.27880731225013733,0.2369931936264038,0.006553354673087597,3.6244704723358154,0.010039368644356728,0.23700374364852905,3.6247622966766357,0.006552383303642273,0.010045139119029045,0.00920120719820261,1.0394360927534763e-09,1.0394360927534763e-09,1.0394360927534763e-09,1.0394360927534763e-09,1.0394360927534763e-09,1.0394360927534763e-09,1.0394360927534763e-09,1.0394360927534763e-09,1.0394360927534763e-09,1.0394360927534763e-09,1.0394360927534763e-09,1.0394360927534763e-09,1.0394360927534763e-09,1.0394360927534763e-09,1.0394360927534763e-09,1.0394360927534763e-09,1.0394360927534763e-09,1.0394360927534763e-09,1.0394360927534763e-09,1.0394360927534763e-09,1.0394360927534763e-09,1.0394360927534763e-09,1.0394360927534763e-09,1.0394360927534763e-09,1.0394360927534763e-09,1.0394360927534763e-09,1.0394360927534763e-09,1.0394360927534763e-09,1.0394360927534763e-09,1.0394360927534763e-09,1.0394360927534763e-09,1.0394360927534763e-09,1.0394360927534763e-09,1.0394360927534763e-09,1.0394360927534763e-09,1.0394360927534763e-09
480.0,0.007413465064018965,0.008945745415985584,0.011908300220966339,0.0018766915891319513,0.0067401607520878315,0.008886206895112991,0.3863339126110077,0.32839179039001465,0.009080429561436176,5.022312641143799,0.013910654000937939,0.32840386033058167,5.022645950317383,0.009079319424927235,0.013917247764766216,0.01274966076016426,1.0484503265573153e-09,1.0484503265573153e-09,1.0484503265573153e-09,1.0484503265573153e-09,1.0484503265573153e-09,1.0484503265573153e-09,1.0484503265573153e-09,1.0484503265573153e-09,1.0484503265573153e-09,1.0484503265573153e-09,1.0484503265573153e-09,1.0484503265573153e-09,1.0484503265573153e-09,1.0484503265573153e-09,1.0484503265573153e-09,1.0484503265573153e-09,1.0484503265573153e-09,1.0484503265573153e-09,1.0484503265573153e-09,1.0484503265573153e-09,1.0484503265573153e-09,1.0484503265573153e-09,1.0484503265573153e-09,1.0484503265573153e-09,1.0484503265573153e-09,1.0484503265573153e-09,1.0484503265573153e-09,1.0484503265573153e-09,1.0484503265573153e-09,1.0484503265573153e-09,1.0484503265573153e-09,1.0484503265573153e-09,1.0484503265573153e-09,1.0484503265573153e-09,1.0484503265573153e-09,1.0484503265573153e-09
540.0,0.009367923252284527,0.01131516695022583,0.01505020260810852,0.0023749268148094416,0.008521083742380142,0.011747725307941437,0.5107449293136597,0.4341421127319336,0.012004289776086807,6.639651775360107,0.01838976889848709,0.4341557025909424,6.640026569366455,0.012003040872514248,0.01839718595147133,0.016855301335453987,1.0583087739490793e-09,1.0583087739490793e-09,1.0583087739490793e-09,1.0583087739490793e-09,1.0583087739490793e-09,1.0583087739490793e-09,1.0583087739490793e-09,1.0583087739490793e-09,1.0583087739490793e-09,1.0583087739490793e-09,1.0583087739490793e-09,1.0583087739490793e-09,1.0583087739490793e-09,1.0583087739490793e-09,1.0583087739490793e-09,1.0583087739490793e-09,1.0583087739490793e-09,1.0583087739490793e-09,1.0583087739490793e-09,1.0583087739490793e-09,1.0583087739490793e-09,1.0583087739490793e-09,1.0583087739490793e-09,1.0583087739490793e-09,1.0583087739490793e-09,1.0583087739490793e-09,1.0583087739490793e-09,1.0583087739490793e-09,1.0583087739490793e-09,1.0583087739490793e-09,1.0583087739490793e-09,1.0583087739490793e-09,1.0583087739490793e-09,1.0583087739490793e-09,1.0583087739490793e-09,1.0583087739490793e-09
600.0,0.010767769068479538,0.013010459952056408,0.01730005256831646,0.002731451764702797,0.00979587621986866,0.013695118017494678,0.5954108238220215,0.506109356880188,0.013994150795042515,7.740304946899414,0.02143806964159012,0.5061244368553162,7.740718841552734,0.013992794789373875,0.021446309983730316,0.01964941807091236,1.0661794780375544e-09,1.0661794780375544e-09,1.0661794780375544e-09,1.0661794780375544e-09,1.0661794780375544e-09,1.0661794780375544e-09,1.0661794780375544e-09,1.0661794780375544e-09,1.0661794780375544e-09,1.0661794780375544e-09,1.0661794780375544e-09,1.0661794780375544e-09,1.0661794780375544e-09,1.0661794780375544e-09,1.0661794780375544e-09,1.0661794780375544e-09,1.0661794780375544e-09,1.0661794780375544e-09,1.0661794780375544e-09,1.0661794780375544e-09,1.0661794780375544e-09,1.0661794780375544e-09,1.0661794780375544e-09,1.0661794780375544e-09,1.0661794780375544e-09,1.0661794780375544e-09,1.0661794780375544e-09,1.0661794780375544e-09,1.0661794780375544e-09,1.0661794780375544e-09,1.0661794780375544e-09,1.0661794780375544e-09,1.0661794780375544e-09,1.0661794780375544e-09,1.0661794780375544e-09,1.0661794780375544e-09
660.0,0.011028609238564968,0.013319606892764568,0.017717648297548294,0.0027960515581071377,0.01003082375973463,0.013746127486228943,0.5976262092590332,0.5079929828643799,0.014046398922801018,7.769093990325928,0.021518118679523468,0.5080096125602722,7.7695465087890625,0.014044935815036297,0.021527184173464775,0.01972263865172863,1.069927590968689e-09,1.069927590968689e-09,1.069927590968689e-09,1.069927590968689e-09,1.069927590968689e-09,1.069927590968689e-09,1.069927590968689e-09,1.069927590968689e-09,1.069927590968689e-09,1.069927590968689e-09,1.069927590968689e-09,1.069927590968689e-09,1.069927590968689e-09,1.069927590968689e-09,1.069927590968689e-09,1.069927590968689e-09,1.069927590968689e-09,1.069927590968689e-09,1.069927590968689e-09,1.069927590968689e-09,1.069927590968689e-09,1.069927590968689e-09,1.069927590968689e-09,1.069927590968689e-09,1.069927590968689e-09,1.069927590968689e-09,1.069927590968689e-09,1.069927590968689e-09,1.069927590968689e-09,1.069927590968689e-09,1.069927590968689e-09,1.069927590968689e-09,1.069927590968689e-09,1.069927590968689e-09,1.069927590968689e-09,1.069927590968689e-09
720.0,0.011288019828498363,0.013626092113554478,0.01813281886279583,0.002859791973605752,0.010264227166771889,0.013797049410641193,0.5998362302780151,0.5098734498023987,0.014098578132689,7.797839164733887,0.021598076447844505,0.5098915696144104,7.798328399658203,0.014097016304731369,0.02160796895623207,0.019795790314674377,1.0736760369667309e-09,1.0736760369667309e-09,1.0736760369667309e-09,1.0736760369667309e-09,1.0736760369667309e-09,1.0736760369667309e-09,1.0736760369667309e-09,1.0736760369667309e-09,1.0736760369667309e-09,1.0736760369667309e-09,1.0736760369667309e-09,1.0736760369667309e-09,1.0736760369667309e-09,1.0736760369667309e-09,1.0736760369667309e-09,1.0736760369667309e-09,1.0736760369667309e-09,1.0736760369667309e-09,1.0736760369667309e-09,1.0736760369667309e-09,1.0736760369667309e-09,1.0736760369667309e-09,1.0736760369667309e-09,1.0736760369667309e-09,1.0736760369667309e-09,1.0736760369667309e-09,1.0736760369667309e-09,1.0736760369667309e-09,1.0736760369667309e-09,1.0736760369667309e-09,1.0736760369667309e-09,1.0736760369667309e-09,1.0736760369667309e-09,1.0736760369667309e-09,1.0736760369667309e-09,1.0736760369667309e-09
780.0,0.01154735404998064,0.013932875357568264,0.018547911196947098,0.0029237247072160244,0.01049764547497034,0.013847872614860535,0.6020433902740479,0.5117501616477966,0.0141506502404809,7.826523780822754,0.021677834913134575,0.5117698311805725,7.827048301696777,0.014149056747555733,0.0216885507106781,0.01986880972981453,1.0774242609201679e-09,1.0774242609201679e-09,1.0774242609201679e-09,1.0774242609201679e-09,1.0774242609201679e-09,1.0774242609201679e-09,1.0774242609201679e-09,1.0774242609201679e-09,1.0774242609201679e-09,1.0774242609201679e-09,1.0774242609201679e-09,1.0774242609201679e-09,1.0774242609201679e-09,1.0774242609201679e-09,1.0774242609201679e-09,1.0774242609201679e-09,1.0774242609201679e-09,1.0774242609201679e-09,1.0774242609201679e-09,1.0774242609201679e-09,1.0774242609201679e-09,1.0774242609201679e-09,1.0774242609201679e-09,1.0774242609201679e-09,1.0774242609201679e-09,1.0774242609201679e-09,1.0774242609201679e-09,1.0774242609201679e-09,1.0774242609201679e-09,1.0774242609201679e-09,1.0774242609201679e-09,1.0774242609201679e-09,1.0774242609201679e-09,1.0774242609201679e-09,1.0774242609201679e-09,1.0774242609201679e-09
840.0,0.01180659793317318,0.014239897951483727,0.018962902948260307,0.0029878111090511084,0.010731064714491367,0.013898572884500027,0.6042449474334717,0.5136216878890991,0.0142026012763381,7.855135917663574,0.021757395938038826,0.5136428475379944,7.8556952476501465,0.014200990088284016,0.02176894247531891,0.01994175836443901,1.081172262829e-09,1.081172262829e-09,1.081172262829e-09,1.081172262829e-09,1.081172262829e-09,1.081172262829e-09,1.081172262829e-09,1.081172262829e-09,1.081172262829e-09,1.081172262829e-09,1.081172262829e-09,1.081172262829e-09,1.081172262829e-09,1.081172262829e-09,1.081172262829e-09,1.081172262829e-09,1.081172262829e-09,1.081172262829e-09,1.081172262829e-09,1.081172262829e-09,1.081172262829e-09,1.081172262829e-09,1.081172262829e-09,1.081172262829e-09,1.081172262829e-09,1.081172262829e-09,1.081172262829e-09,1.081172262829e-09,1.081172262829e-09,1.081172262829e-09,1.081172262829e-09,1.081172262829e-09,1.081172262829e-09,1.081172262829e-09,1.081172262829e-09,1.081172262829e-09
900.0,0.012065735645592213,0.014547089114785194,0.01937781646847725,0.0030520111322402954,0.01096448302268982,0.013949121348559856,0.6064406633377075,0.51548832654953,0.014254421927034855,7.8836750984191895,0.021836722269654274,0.5155110359191895,7.884266376495361,0.014252817258238792,0.021849101409316063,0.020014559850096703,1.0849199316709246e-09,1.0849199316709246e-09,1.0849199316709246e-09,1.0849199316709246e-09,1.0849199316709246e-09,1.0849199316709246e-09,1.0849199316709246e-09,1.0849199316709246e-09,1.0849199316709246e-09,1.0849199316709246e-09,1.0849199316709246e-09,1.0849199316709246e-09,1.0849199316709246e-09,1.0849199316709246e-09,1.0849199316709246e-09,1.0849199316709246e-09,1.0849199316709246e-09,1.0849199316709246e-09,1.0849199316709246e-09,1.0849199316709246e-09,1.0849199316709246e-09,1.0849199316709246e-09,1.0849199316709246e-09,1.0849199316709246e-09,1.0849199316709246e-09,1.0849199316709246e-09,1.0849199316709246e-09,1.0849199316709246e-09,1.0849199316709246e-09,1.0849199316709246e-09,1.0849199316709246e-09,1.0849199316709246e-09,1.0849199316709246e-09,1.0849199316709246e-09,1.0849199316709246e-09,1.0849199316709246e-09
960.0,0.012324840761721134,0.014854407869279385,0.019792623817920685,0.0031163005623966455,0.011197901330888271,0.01399954967200756,0.6086301207542419,0.5173503756523132,0.014306126162409782,7.912149906158447,0.021915864199399948,0.5173746943473816,7.912764549255371,0.014304564334452152,0.02192908152937889,0.02008722350001335,1.0886672674459419e-09,1.0886672674459419e-09,1.0886672674459419e-09,1.0886672674459419e-09,1.0886672674459419e-09,1.0886672674459419e-09,1.0886672674459419e-09,1.0886672674459419e-09,1.0886672674459419e-09,1.0886672674459419e-09,1.0886672674459419e-09,1.0886672674459419e-09,1.0886672674459419e-09,1.0886672674459419e-09,1.0886672674459419e-09,1.0886672674459419e-09,1.0886672674459419e-09,1.0886672674459419e-09,1.0886672674459419e-09,1.0886672674459419e-09,1.0886672674459419e-09,1.0886672674459419e-09,1.0886672674459419e-09,1.0886672674459419e-09,1.0886672674459419e-09,1.0886672674459419e-09,1.0886672674459419e-09,1.0886672674459419e-09,1.0886672674459419e-09,1.0886672674459419e-09,1.0886672674459419e-09,1.0886672674459419e-09,1.0886672674459419e-09,1.0886672674459419e-09,1.0886672674459419e-09,1.0886672674459419e-09
1020.0,0.012583841569721699,0.015161770395934582,0.020207351073622704,0.0031806407496333122,0.011431296356022358,0.014049849472939968,0.6108146905899048,0.5192075371742249,0.014357705600559711,7.9405517578125,0.021994808688759804,0.5192334055900574,7.941189289093018,0.014356211759150028,0.0220088642090559,0.02015979029238224,1.0924143811763543e-09,1.0924143811763543e-09,1.0924143811763543e-09,1.0924143811763543e-09,1.0924143811763543e-09,1.0924143811763543e-09,1.0924143811763543e-09,1.0924143811763543e-09,1.0924143811763543e-09,1.0924143811763543e-09,1.0924143811763543e-09,1.0924143811763543e-09,1.0924143811763543e-09,1.0924143811763543e-09,1.0924143811763543e-09,1.0924143811763543e-09,1.0924143811763543e-09,1.0924143811763543e-09,1.0924143811763543e-09,1.0924143811763543e-09,1.0924143811763543e-09,1.0924143811763543e-09,1.0924143811763543e-09,1.0924143811763543e-09,1.0924143811763543e-09,1.0924143811763543e-09,1.0924143811763543e-09,1.0924143811763543e-09,1.0924143811763543e-09,1.0924143811763543e-09,1.0924143811763543e-09,1.0924143811763543e-09,1.0924143811763543e-09,1.0924143811763543e-09,1.0924143811763543e-09,1.0924143811763543e-09
1080.0,0.012846036814153194,0.015480385161936283,0.020628245547413826,0.0032496999483555555,0.011669496074318886,0.014100148342549801,0.6129998564720154,0.5210646986961365,0.014409308321774006,7.9689555168151855,0.02207374759018421,0.5210921168327332,7.969614028930664,0.014407962560653687,0.02208864688873291,0.020232444629073143,1.0961611618398592e-09,1.0961611618398592e-09,1.0961611618398592e-09,1.0961611618398592e-09,1.0961611618398592e-09,1.0961611618398592e-09,1.0961611618398592e-09,1.0961611618398592e-09,1.0961611618398592e-09,1.0961611618398592e-09,1.0961611618398592e-09,1.0961611618398592e-09,1.0961611618398592e-09,1.0961611618398592e-09,1.0961611618398592e-09,1.0961611618398592e-09,1.0961611618398592e-09,1.0961611618398592e-09,1.0961611618398592e-09,1.0961611618398592e-09,1.0961611618398592e-09,1.0961611618398592e-09,1.0961611618398592e-09,1.0961611618398592e-09,1.0961611618398592e-09,1.0961611618398592e-09,1.0961611618398592e-09,1.0961611618398592e-09,1.0961611618398592e-09,1.0961611618398592e-09,1.0961611618398592e-09,1.0961611618398592e-09,1.0961611618398592e-09,1.0961611618398592e-09,1.0961611618398592e-09,1.0961611618398592e-09
1140.0,0.013131477870047092,0.01587938703596592,0.02109367586672306,0.0033523126039654016,0.011942154727876186,0.01415115687996149,0.6152170300483704,0.5229471921920776,0.014461776241660118,7.997793197631836,0.02215377241373062,0.5229763388633728,7.998431205749512,0.014461052604019642,0.022169549018144608,0.020306995138525963,1.0999077204587593e-09,1.0999077204587593e-09,1.0999077204587593e-09,1.0999077204587593e-09,1.0999077204587593e-09,1.0999077204587593e-09,1.0999077204587593e-09,1.0999077204587593e-09,1.0999077204587593e-09,1.0999077204587593e-09,1.0999077204587593e-09,1.0999077204587593e-09,1.0999077204587593e-09,1.0999077204587593e-09,1.0999077204587593e-09,1.0999077204587593e-09,1.0999077204587593e-09,1.0999077204587593e-09,1.0999077204587593e-09,1.0999077204587593e-09,1.0999077204587593e-09,1.0999077204587593e-09,1.0999077204587593e-09,1.0999077204587593e-09,1.0999077204587593e-09,1.0999077204587593e-09,1.0999077204587593e-09,1.0999077204587593e-09,1.0999077204587593e-09,1.0999077204587593e-09,1.0999077204587593e-09,1.0999077204587593e-09,1.0999077204587593e-09,1.0999077204587593e-09,1.0999077204587593e-09,1.0999077204587593e-09
1200.0,0.013431305065751076,0.016329450532794,0.02158692665398121,0.0034762516152113676,0.012236526235938072,0.014202469028532505,0.6174467206001282,0.5248404145240784,0.014514647424221039,8.026823043823242,0.02223428152501583,0.5248713493347168,8.027410507202148,0.014514869078993797,0.022250935435295105,0.02038256637752056,1.1036540570330544e-09,1.1036540570330544e-09,1.1036540570330544e-09,1.1036540570330544e-09,1.1036540570330544e-09,1.1036540570330544e-09,1.1036540570330544e-09,1.1036540570330544e-09,1.1036540570330544e-09,1.1036540570330544e-09,1.1036540570330544e-09,1.1036540570330544e-09,1.1036540570330544e-09,1.1036540570330544e-09,1.1036540570330544e-09,1.1036540570330544e-09,1.1036540570330544e-09,1.1036540570330544e-09,1.1036540570330544e-09,1.1036540570330544e-09,1.1036540570330544e-09,1.1036540570330544e-09,1.1036540570330544e-09,1.1036540570330544e-09,1.1036540570330544e-09,1.1036540570330544e-09,1.1036540570330544e-09,1.1036540570330544e-09,1.1036540570330544e-09,1.1036540570330544e-09,1.1036540570330544e-09,1.1036540570330544e-09,1.1036540570330544e-09,1.1036540570330544e-09,1.1036540570330544e-09,1.1036540570330544e-09
1260.0,0.013740112073719501,0.016812177374958992,0.02209770306944847,0.0036138170398771763,0.01254466362297535,0.01425390038639307,0.6196837425231934,0.5267369151115417,0.014567709527909756,8.05593204498291,0.022314872592687607,0.5267696976661682,8.056442260742188,0.014569000340998173,0.022332454100251198,0.020458616316318512,1.1074001715627446e-09,1.1074001715627446e-09,1.1074001715627446e-09,1.1074001715627446e-09,1.1074001715627446e-09,1.1074001715627446e-09,1.1074001715627446e-09,1.1074001715627446e-09,1.1074001715627446e-09,1.1074001715627446e-09,1.1074001715627446e-09,1.1074001715627446e-09,1.1074001715627446e-09,1.1074001715627446e-09,1.1074001715627446e-09,1.1074001715627446e-09,1.1074001715627446e-09,1.1074001715627446e-09,1.1074001715627446e-09,1.1074001715627446e-09,1.1074001715627446e-09,1.1074001715627446e-09,1.1074001715627446e-09,1.1074001715627446e-09,1.1074001715627446e-09,1.1074001715627446e-09,1.1074001715627446e-09,1.1074001715627446e-09,1.1074001715627446e-09,1.1074001715627446e-09,1.1074001715627446e-09,1.1074001715627446e-09,1.1074001715627446e-09,1.1074001715627446e-09,1.1074001715627446e-09,1.1074001715627446e-09
1320.0,0.014055601321160793,0.01731959357857704,0.022621531039476395,0.0037616374902427197,0.012863125652074814,0.014305319637060165,0.6219197511672974,0.5286338925361633,0.014620805159211159,8.085054397583008,0.022395556792616844,0.5286686420440674,8.085485458374023,0.014623377472162247,0.022414056584239006,0.020534921437501907,1.1111461750701324e-09,1.1111461750701324e-09,1.1111461750701324e-09,1.1111461750701324e-09,1.1111461750701324e-09,1.1111461750701324e-09,1.1111461750701324e-09,1.1111461750701324e-09,1.1111461750701324e-09,1.1111461750701324e-09,1.1111461750701324e-09,1.1111461750701324e-09,1.1111461750701324e-09,1.1111461750701324e-09,1.1111461750701324e-09,1.1111461750701324e-09,1.1111461750701324e-09,1.1111461750701324e-09,1.1111461750701324e-09,1.1111461750701324e-09,1.1111461750701324e-09,1.1111461750701324e-09,1.1111461750701324e-09,1.1111461750701324e-09,1.1111461750701324e-09,1.1111461750701324e-09,1.1111461750701324e-09,1.1111461750701324e-09,1.1111461750701324e-09,1.1111461750701324e-09,1.1111461750701324e-09,1.1111461750701324e-09,1.1111461750701324e-09,1.1111461750701324e-09,1.1111461750701324e-09,1.1111461750701324e-09
1380.0,0.01437714509665966,0.01784944161772728,0.023157211020588875,0.003918746020644903,0.01319099310785532,0.014356735162436962,0.6241573095321655,0.5305304527282715,0.014673951081931591,8.114176750183105,0.02247612737119198,0.5305672883987427,8.114524841308594,0.014677879400551319,0.022495567798614502,0.020611533895134926,1.1148919565329152e-09,1.1148919565329152e-09,1.1148919565329152e-09,1.1148919565329152e-09,1.1148919565329152e-09,1.1148919565329152e-09,1.1148919565329152e-09,1.1148919565329152e-09,1.1148919565329152e-09,1.1148919565329152e-09,1.1148919565329152e-09,1.1148919565329152e-09,1.1148919565329152e-09,1.1148919565329152e-09,1.1148919565329152e-09,1.1148919565329152e-09,1.1148919565329152e-09,1.1148919565329152e-09,1.1148919565329152e-09,1.1148919565329152e-09,1.1148919565329152e-09,1.1148919565329152e-09,1.1148919565329152e-09,1.1148919565329152e-09,1.1148919565329152e-09,1.1148919565329152e-09,1.1148919565329152e-09,1.1148919565329152e-09,1.1148919565329152e-09,1.1148919565329152e-09,1.1148919565329152e-09,1.1148919565329152e-09,1.1148919565329152e-09,1.1148919565329152e-09,1.1148919565329152e-09,1.1148919565329152e-09
1440.0,0.014705086126923561,0.018402928486466408,0.0237053781747818,0.004085599444806576,0.013528790324926376,0.01440816093236208,0.6263941526412964,0.5324267148971558,0.014727145433425903,8.143311500549316,0.022556761279702187,0.5324655771255493,8.143546104431152,0.014732562936842442,0.022577162832021713,0.020688267424702644,1.1186376269733955e-09,1.1186376269733955e-09,1.1186376269733955e-09,1.1186376269733955e-09,1.1186376269733955e-09,1.1186376269733955e-09,1.1186376269733955e-09,1.1186376269733955e-09,1.1186376269733955e-09,1.1186376269733955e-09,1.1186376269733955e-09,1.1186376269733955e-09,1.1186376269733955e-09,1.1186376269733955e-09,1.1186376269733955e-09,1.1186376269733955e-09,1.1186376269733955e-09,1.1186376269733955e-09,1.1186376269733955e-09,1.1186376269733955e-09,1.1186376269733955e-09,1.1186376269733955e-09,1.1186376269733955e-09,1.1186376269733955e-09,1.1186376269733955e-09,1.1186376269733955e-09,1.1186376269733955e-09,1.1186376269733955e-09,1.1186376269733955e-09,1.1186376269733955e-09,1.1186376269733955e-09,1.1186376269733955e-09,1.1186376269733955e-09,1.1186376269733955e-09,1.1186376269733955e-09,1.1186376269733955e-09
1500.0,0.015039991587400436,0.018982024863362312,0.02426709234714508,0.004262994974851608,0.01387735828757286,0.01445956900715828,0.6286317110061646,0.5343225002288818,0.014780353754758835,8.172454833984375,0.022637320682406425,0.5343635082244873,8.172562599182129,0.014787423424422741,0.022658659145236015,0.020765317603945732,1.122383075369271e-09,1.122383075369271e-09,1.122383075369271e-09,1.122383075369271e-09,1.122383075369271e-09,1.122383075369271e-09,1.122383075369271e-09,1.122383075369271e-09,1.122383075369271e-09,1.122383075369271e-09,1.122383075369271e-09,1.122383075369271e-09,1.122383075369271e-09,1.122383075369271e-09,1.122383075369271e-09,1.122383075369271e-09,1.122383075369271e-09,1.122383075369271e-09,1.122383075369271e-09,1.122383075369271e-09,1.122383075369271e-09,1.122383075369271e-09,1.122383075369271e-09,1.122383075369271e-09,1.122383075369271e-09,1.122383075369271e-09,1.122383075369271e-09,1.122383075369271e-09,1.122383075369271e-09,1.122383075369271e-09,1.122383075369271e-09,1.122383075369271e-09,1.122383075369271e-09,1.122383075369271e-09,1.122383075369271e-09,1.122383075369271e-09
1560.0,0.015382394194602966,0.019588997587561607,0.024843614548444748,0.004451809450984001,0.014237664639949799,0.014510972425341606,0.6308692693710327,0.5362178087234497,0.014833626337349415,8.201613426208496,0.0227179117500782,0.5362608432769775,8.201580047607422,0.014842440374195576,0.022740241140127182,0.020842552185058594,1.1261283017205415e-09,1.1261283017205415e-09,1.1261283017205415e-09,1.1261283017205415e-09,1.1261283017205415e-09,1.1261283017205415e-09,1.1261283017205415e-09,1.1261283017205415e-09,1.1261283017205415e-09,1.126128412742844e-09,1.126128412742844e-09,1.1261283017205415e-09,1.1261283017205415e-09,1.1261283017205415e-09,1.1261283017205415e-09,1.1261283017205415e-09,1.1261283017205415e-09,1.1261283017205415e-09,1.1261283017205415e-09,1.1261283017205415e-09,1.1261283017205415e-09,1.1261283017205415e-09,1.1261283017205415e-09,1.1261283017205415e-09,1.1261283017205415e-09,1.1261283017205415e-09,1.1261283017205415e-09,1.1261283017205415e-09,1.126128412742844e-09,1.1261283017205415e-09,1.1261283017205415e-09,1.1261283017205415e-09,1.1261283017205415e-09,1.1261283017205415e-09,1.1261283017205415e-09,1.1261283017205415e-09
1620.0,0.015732774510979652,0.020225152373313904,0.0254356749355793,0.004652542062103748,0.014610275626182556,0.014562400057911873,0.6331080794334412,0.5381132960319519,0.014886977151036263,8.230780601501465,0.022798513993620872,0.5381585955619812,8.230606079101562,0.014897665940225124,0.022821802645921707,0.02092013694345951,1.1298734170495095e-09,1.1298734170495095e-09,1.1298734170495095e-09,1.1298734170495095e-09,1.1298734170495095e-09,1.1298734170495095e-09,1.1298734170495095e-09,1.1298734170495095e-09,1.1298734170495095e-09,1.129873528071812e-09,1.129873528071812e-09,1.1298734170495095e-09,1.1298734170495095e-09,1.1298734170495095e-09,1.1298734170495095e-09,1.1298734170495095e-09,1.1298734170495095e-09,1.1298734170495095e-09,1.1298734170495095e-09,1.1298734170495095e-09,1.1298734170495095e-09,1.1298734170495095e-09,1.1298734170495095e-09,1.1298734170495095e-09,1.1298734170495095e-09,1.1298734170495095e-09,1.1298734170495095e-09,1.1298734170495095e-09,1.129873528071812e-09,1.1298734170495095e-09,1.1298734170495095e-09,1.1298734170495095e-09,1.1298734170495095e-09,1.1298734170495095e-09,1.1298734170495095e-09,1.1298734170495095e-09
1680.0,0.01609140634536743,0.020891476422548294,0.026043765246868134,0.004865548573434353,0.014995621517300606,0.014613844454288483,0.6353485584259033,0.5400093793869019,0.014940374530851841,8.25997543334961,0.022879131138324738,0.5400569438934326,8.25963306427002,0.014953109435737133,0.02290344052016735,0.020997943356633186,1.133618421356175e-09,1.133618421356175e-09,1.133618421356175e-09,1.133618421356175e-09,1.133618421356175e-09,1.133618421356175e-09,1.133618421356175e-09,1.133618421356175e-09,1.133618421356175e-09,1.133618421356175e-09,1.133618421356175e-09,1.133618421356175e-09,1.133618421356175e-09,1.133618421356175e-09,1.133618421356175e-09,1.133618421356175e-09,1.133618421356175e-09,1.133618421356175e-09,1.133618421356175e-09,1.133618421356175e-09,1.133618421356175e-09,1.133618421356175e-09,1.133618421356175e-09,1.133618421356175e-09,1.133618421356175e-09,1.133618421356175e-09,1.133618421356175e-09,1.133618421356175e-09,1.133618421356175e-09,1.133618421356175e-09,1.133618421356175e-09,1.133618421356175e-09,1.133618421356175e-09,1.133618421356175e-09,1.133618421356175e-09,1.133618421356175e-09
1740.0,0.016458572819828987,0.021589182317256927,0.026668639853596687,0.005091271363198757,0.015394230373203754,0.01466528419405222,0.6375886797904968,0.5419058799743652,0.014993836171925068,8.289193153381348,0.022959761321544647,0.5419558882713318,8.288657188415527,0.015008730813860893,0.022985057905316353,0.021076075732707977,1.1373632036182357e-09,1.1373632036182357e-09,1.1373632036182357e-09,1.1373632036182357e-09,1.1373632036182357e-09,1.1373632036182357e-09,1.1373632036182357e-09,1.1373632036182357e-09,1.1373632036182357e-09,1.1373633146405382e-09,1.1373633146405382e-09,1.1373632036182357e-09,1.1373632036182357e-09,1.1373632036182357e-09,1.1373632036182357e-09,1.1373632036182357e-09,1.1373632036182357e-09,1.1373632036182357e-09,1.1373632036182357e-09,1.1373632036182357e-09,1.1373632036182357e-09,1.1373632036182357e-09,1.1373632036182357e-09,1.1373632036182357e-09,1.1373632036182357e-09,1.1373632036182357e-09,1.1373632036182357e-09,1.1373632036182357e-09,1.1373633146405382e-09,1.1373632036182357e-09,1.1373632036182357e-09,1.1373632036182357e-09,1.1373632036182357e-09,1.1373632036182357e-09,1.1373632036182357e-09,1.1373632036182357e-09
1800.0,0.016834506765007973,0.02231908217072487,0.02731069177389145,0.0053299968130886555,0.01580647937953472,0.014716758392751217,0.6398321986198425,0.5438022613525391,0.01504738349467516,8.318424224853516,0.02304038777947426,0.5438545346260071,8.317693710327148,0.01506455335766077,0.02306673489511013,0.02115442231297493,1.1411077638356915e-09,1.1411077638356915e-09,1.141107874857994e-09,1.1411077638356915e-09,1.1411077638356915e-09,1.1411077638356915e-09,1.1411077638356915e-09,1.1411077638356915e-09,1.1411077638356915e-09,1.141107874857994e-09,1.141107874857994e-09,1.1411077638356915e-09,1.1411077638356915e-09,1.141107874857994e-09,1.1411077638356915e-09,1.1411077638356915e-09,1.1411077638356915e-09,1.1411077638356915e-09,1.141107874857994e-09,1.1411077638356915e-09,1.141107874857994e-09,1.1411077638356915e-09,1.141107874857994e-09,1.141107874857994e-09,1.1411077638356915e-09,1.1411077638356915e-09,1.141107874857994e-09,1.141107874857994e-09,1.141107874857994e-09,1.1411077638356915e-09,1.1411077638356915e-09,1.1411077638356915e-09,1.1411077638356915e-09,1.1411077638356915e-09,1.1411077638356915e-09,1.1411077638356915e-09
1860.0,0.01721940189599991,0.02308177389204502,0.02797033078968525,0.005581892095506191,0.016232600435614586,0.014768236316740513,0.6420740485191345,0.5456984639167786,0.015100982040166855,8.347668647766113,0.02312103845179081,0.5457531213760376,8.34673023223877,0.015120561234652996,0.023148400709033012,0.0212330874055624,1.1448523240531472e-09,1.1448523240531472e-09,1.1448523240531472e-09,1.1448523240531472e-09,1.1448523240531472e-09,1.1448523240531472e-09,1.1448523240531472e-09,1.1448523240531472e-09,1.1448523240531472e-09,1.1448523240531472e-09,1.1448523240531472e-09,1.1448523240531472e-09,1.1448523240531472e-09,1.1448523240531472e-09,1.1448523240531472e-09,1.1448523240531472e-09,1.1448523240531472e-09,1.1448523240531472e-09,1.1448523240531472e-09,1.1448523240531472e-09,1.1448523240531472e-09,1.1448523240531472e-09,1.1448523240531472e-09,1.1448523240531472e-09,1.1448523240531472e-09,1.1448523240531472e-09,1.1448523240531472e-09,1.1448523240531472e-09,1.1448523240531472e-09,1.1448523240531472e-09,1.1448523240531472e-09,1.1448523240531472e-09,1.1448523240531472e-09,1.1448523240531472e-09,1.1448523240531472e-09,1.1448523240531472e-09
1920.0,0.017613485455513,0.023877885192632675,0.028647849336266518,0.005847202148288488,0.016672927886247635,0.014819690957665443,0.6443178653717041,0.5475943684577942,0.015154615975916386,8.376923561096191,0.023201625794172287,0.5476514101028442,8.37575626373291,0.015176736749708652,0.02323004975914955,0.021311942487955093,1.1485965512036955e-09,1.1485965512036955e-09,1.1485965512036955e-09,1.1485965512036955e-09,1.1485965512036955e-09,1.1485965512036955e-09,1.1485965512036955e-09,1.1485965512036955e-09,1.1485965512036955e-09,1.148596662225998e-09,1.148596662225998e-09,1.1485965512036955e-09,1.1485965512036955e-09,1.1485965512036955e-09,1.1485965512036955e-09,1.1485965512036955e-09,1.1485965512036955e-09,1.1485965512036955e-09,1.1485965512036955e-09,1.1485965512036955e-09,1.1485965512036955e-09,1.1485965512036955e-09,1.1485965512036955e-09,1.1485965512036955e-09,1.1485965512036955e-09,1.1485965512036955e-09,1.1485965512036955e-09,1.1485965512036955e-09,1.148596662225998e-09,1.1485965512036955e-09,1.1485965512036955e-09,1.1485965512036955e-09,1.1485965512036955e-09,1.1485965512036955e-09,1.1485965512036955e-09,1.1485965512036955e-09
1980.0,0.018017005175352097,0.024708157405257225,0.029343746602535248,0.006126154214143753,0.01712777465581894,0.014871146529912949,0.6465609073638916,0.5494897961616516,0.015208298340439796,8.406189918518066,0.023282254114747047,0.5495494604110718,8.404775619506836,0.015233082696795464,0.023311760276556015,0.02139102853834629,1.1523414444880586e-09,1.1523414444880586e-09,1.1523414444880586e-09,1.1523414444880586e-09,1.1523414444880586e-09,1.1523414444880586e-09,1.1523414444880586e-09,1.1523414444880586e-09,1.1523414444880586e-09,1.1523415555103611e-09,1.1523415555103611e-09,1.1523414444880586e-09,1.1523414444880586e-09,1.1523415555103611e-09,1.1523414444880586e-09,1.1523414444880586e-09,1.1523414444880586e-09,1.1523414444880586e-09,1.1523415555103611e-09,1.1523414444880586e-09,1.1523414444880586e-09,1.1523414444880586e-09,1.1523414444880586e-09,1.1523414444880586e-09,1.1523414444880586e-09,1.1523414444880586e-09,1.1523414444880586e-09,1.1523414444880586e-09,1.1523415555103611e-09,1.1523414444880586e-09,1.1523414444880586e-09,1.1523414444880586e-09,1.1523414444880586e-09,1.1523414444880586e-09,1.1523414444880586e-09,1.1523414444880586e-09
2040.0,0.018430056050419807,0.02557315304875374,0.03005831129848957,0.006418909877538681,0.017597399652004242,0.014922607690095901,0.6488054394721985,0.5513849854469299,0.015262037515640259,8.435467720031738,0.023362813517451286,0.5514472126960754,8.433789253234863,0.015289593487977982,0.023393383249640465,0.02147037908434868,1.1560862267501193e-09,1.1560862267501193e-09,1.1560862267501193e-09,1.1560862267501193e-09,1.1560862267501193e-09,1.1560862267501193e-09,1.1560862267501193e-09,1.1560862267501193e-09,1.1560862267501193e-09,1.1560862267501193e-09,1.1560862267501193e-09,1.1560862267501193e-09,1.1560862267501193e-09,1.1560862267501193e-09,1.1560862267501193e-09,1.1560862267501193e-09,1.1560862267501193e-09,1.1560862267501193e-09,1.1560862267501193e-09,1.1560862267501193e-09,1.1560862267501193e-09,1.1560862267501193e-09,1.1560862267501193e-09,1.1560862267501193e-09,1.1560862267501193e-09,1.1560862267501193e-09,1.1560862267501193e-09,1.1560862267501193e-09,1.1560863377724218e-09,1.1560862267501193e-09,1.1560862267501193e-09,1.1560862267501193e-09,1.1560862267501193e-09,1.1560862267501193e-09,1.1560862267501193e-09,1.1560862267501193e-09
2100.0,0.0188529584556818,0.026473762467503548,0.030792072415351868,0.006725776940584183,0.018082210794091225,0.014974082820117474,0.6510496139526367,0.5532810688018799,0.015315871685743332,8.464773178100586,0.023443492129445076,0.5533458590507507,8.46279239654541,0.015346328727900982,0.02347513847053051,0.02154996246099472,1.159830786967575e-09,1.159830786967575e-09,1.159830786967575e-09,1.159830786967575e-09,1.159830786967575e-09,1.159830786967575e-09,1.159830786967575e-09,1.159830786967575e-09,1.159830786967575e-09,1.1598308979898775e-09,1.1598308979898775e-09,1.159830786967575e-09,1.159830786967575e-09,1.1598308979898775e-09,1.159830786967575e-09,1.159830786967575e-09,1.159830786967575e-09,1.159830786967575e-09,1.1598308979898775e-09,1.159830786967575e-09,1.159830786967575e-09,1.159830786967575e-09,1.159830786967575e-09,1.159830786967575e-09,1.159830786967575e-09,1.159830786967575e-09,1.159830786967575e-09,1.159830786967575e-09,1.1598308979898775e-09,1.159830786967575e-09,1.159830786967575e-09,1.159830786967575e-09,1.159830786967575e-09,1.159830786967575e-09,1.159830786967575e-09,1.159830786967575e-09
2160.0,0.019285954535007477,0.027410991489887238,0.03154562786221504,0.007047092542052269,0.01858266070485115,0.015025640837848186,0.6532979011535645,0.5551798939704895,0.015369851142168045,8.494138717651367,0.023524288088083267,0.5552473068237305,8.491848945617676,0.015403343364596367,0.02355702593922615,0.0216299369931221,1.1635754582073332e-09,1.1635754582073332e-09,1.1635754582073332e-09,1.1635754582073332e-09,1.1635753471850308e-09,1.1635753471850308e-09,1.1635754582073332e-09,1.1635754582073332e-09,1.1635754582073332e-09,1.1635754582073332e-09,1.1635754582073332e-09,1.1635754582073332e-09,1.1635754582073332e-09,1.1635754582073332e-09,1.1635754582073332e-09,1.1635754582073332e-09,1.1635754582073332e-09,1.1635754582073332e-09,1.1635754582073332e-09,1.1635754582073332e-09,1.1635754582073332e-09,1.1635753471850308e-09,1.1635754582073332e-09,1.1635754582073332e-09,1.1635754582073332e-09,1.1635754582073332e-09,1.1635754582073332e-09,1.1635754582073332e-09,1.1635754582073332e-09,1.1635753471850308e-09,1.1635753471850308e-09,1.1635753471850308e-09,1.1635754582073332e-09,1.1635753471850308e-09,1.1635754582073332e-09,1.1635754582073332e-09
2220.0,0.019729264080524445,0.028385426849126816,0.032319311052560806,0.007383033167570829,0.01909901760518551,0.015077279880642891,0.6555503010749817,0.5570814609527588,0.015423974953591824,8.523566246032715,0.02360519766807556,0.5571515560150146,8.52098274230957,0.015460636466741562,0.023639045655727386,0.02171030081808567,1.167320018424789e-09,1.167320018424789e-09,1.167320018424789e-09,1.167320018424789e-09,1.167320018424789e-09,1.167320018424789e-09,1.167320018424789e-09,1.167320018424789e-09,1.167320018424789e-09,1.1673201294470914e-09,1.1673201294470914e-09,1.167320018424789e-09,1.167320018424789e-09,1.1673201294470914e-09,1.167320018424789e-09,1.167320018424789e-09,1.167320018424789e-09,1.167320018424789e-09,1.1673201294470914e-09,1.167320018424789e-09,1.167320018424789e-09,1.167320018424789e-09,1.167320018424789e-09,1.167320018424789e-09,1.167320018424789e-09,1.167320018424789e-09,1.167320018424789e-09,1.167320018424789e-09,1.1673201294470914e-09,1.167320018424789e-09,1.167320018424789e-09,1.167320018424789e-09,1.167320018424789e-09,1.167320018424789e-09,1.167320018424789e-09,1.167320018424789e-09
2280.0,0.02018311806023121,0.02939786948263645,0.03311360627412796,0.007733861915767193,0.019631654024124146,0.015128999948501587,0.6578068733215332,0.558985710144043,0.015478244051337242,8.553060531616211,0.023686222732067108,0.5590586066246033,8.550163269042969,0.015518208034336567,0.023721197620034218,0.021791057661175728,1.1710645786422447e-09,1.1710645786422447e-09,1.1710645786422447e-09,1.1710645786422447e-09,1.1710645786422447e-09,1.1710645786422447e-09,1.1710645786422447e-09,1.1710645786422447e-09,1.1710645786422447e-09,1.1710646896645471e-09,1.1710646896645471e-09,1.1710645786422447e-09,1.1710645786422447e-09,1.1710646896645471e-09,1.1710645786422447e-09,1.1710645786422447e-09,1.1710645786422447e-09,1.1710645786422447e-09,1.1710646896645471e-09,1.1710645786422447e-09,1.1710646896645471e-09,1.1710645786422447e-09,1.1710646896645471e-09,1.1710646896645471e-09,1.1710645786422447e-09,1.1710645786422447e-09,1.1710646896645471e-09,1.1710646896645471e-09,1.1710646896645471e-09,1.1710645786422447e-09,1.1710645786422447e-09,1.1710645786422447e-09,1.1710645786422447e-09,1.1710645786422447e-09,1.1710645786422447e-09,1.1710645786422447e-09
2340.0,0.020647691562771797,0.030448932200670242,0.03392888978123665,0.008099758997559547,0.02018085867166519,0.015180802904069424,0.660067617893219,0.560892641544342,0.015532659366726875,8.582615852355957,0.023767363280057907,0.5609683990478516,8.579385757446289,0.015576058998703957,0.023803481832146645,0.021872205659747124,1.1748092498820029e-09,1.1748092498820029e-09,1.1748092498820029e-09,1.1748092498820029e-09,1.1748092498820029e-09,1.1748092498820029e-09,1.1748092498820029e-09,1.1748092498820029e-09,1.1748092498820029e-09,1.1748093609043053e-09,1.1748093609043053e-09,1.1748092498820029e-09,1.1748092498820029e-09,1.1748092498820029e-09,1.1748092498820029e-09,1.1748092498820029e-09,1.1748092498820029e-09,1.1748092498820029e-09,1.1748092498820029e-09,1.1748092498820029e-09,1.1748092498820029e-09,1.1748092498820029e-09,1.1748092498820029e-09,1.1748092498820029e-09,1.1748092498820029e-09,1.1748092498820029e-09,1.1748092498820029e-09,1.1748092498820029e-09,1.1748093609043053e-09,1.1748092498820029e-09,1.1748092498820029e-09,1.1748092498820029e-09,1.1748092498820029e-09,1.1748092498820029e-09,1.1748092498820029e-09,1.1748092498820029e-09
2400.0,0.021123211830854416,0.0315391831099987,0.03476550802588463,0.00848088413476944,0.020746899768710136,0.015232685953378677,0.6623324155807495,0.562802255153656,0.015587218105793,8.612232208251953,0.02384861558675766,0.5628809332847595,8.608650207519531,0.01563418284058571,0.023885896429419518,0.021953962743282318,1.1785538100994586e-09,1.1785538100994586e-09,1.1785538100994586e-09,1.1785538100994586e-09,1.1785538100994586e-09,1.1785538100994586e-09,1.1785538100994586e-09,1.1785538100994586e-09,1.1785538100994586e-09,1.178553921121761e-09,1.178553921121761e-09,1.1785538100994586e-09,1.1785538100994586e-09,1.178553921121761e-09,1.1785538100994586e-09,1.1785538100994586e-09,1.1785538100994586e-09,1.1785538100994586e-09,1.178553921121761e-09,1.1785538100994586e-09,1.1785538100994586e-09,1.1785538100994586e-09,1.1785538100994586e-09,1.1785538100994586e-09,1.1785538100994586e-09,1.1785538100994586e-09,1.1785538100994586e-09,1.1785538100994586e-09,1.178553921121761e-09,1.1785538100994586e-09,1.1785538100994586e-09,1.1785538100994586e-09,1.1785538100994586e-09,1.1785538100994586e-09,1.1785538100994586e-09,1.1785538100994586e-09
2460.0,0.021609798073768616,0.03266918659210205,0.03562374413013458,0.008877400308847427,0.02133004553616047,0.015284650959074497,0.6646013855934143,0.5647145509719849,0.015641912817955017,8.641908645629883,0.023929983377456665,0.5647961497306824,8.637955665588379,0.01569259911775589,0.023968441411852837,0.02203611098229885,1.1822984813392168e-09,1.1822984813392168e-09,1.1822984813392168e-09,1.1822984813392168e-09,1.1822984813392168e-09,1.1822984813392168e-09,1.1822984813392168e-09,1.1822984813392168e-09,1.1822984813392168e-09,1.1822984813392168e-09,1.1822984813392168e-09,1.1822984813392168e-09,1.1822984813392168e-09,1.1822984813392168e-09,1.1822984813392168e-09,1.1822984813392168e-09,1.1822984813392168e-09,1.1822984813392168e-09,1.1822984813392168e-09,1.1822984813392168e-09,1.1822984813392168e-09,1.1822984813392168e-09,1.1822984813392168e-09,1.1822984813392168e-09,1.1822984813392168e-09,1.1822984813392168e-09,1.1822984813392168e-09,1.1822984813392168e-09,1.1822985923615192e-09,1.1822984813392168e-09,1.1822984813392168e-09,1.1822984813392168e-09,1.1822984813392168e-09,1.1822984813392168e-09,1.1822984813392168e-09,1.1822984813392168e-09
2520.0,0.022107703611254692,0.03383953124284744,0.03650398552417755,0.00928947702050209,0.021930579096078873,0.015336696058511734,0.6668744683265686,0.5666294693946838,0.015696754679083824,8.671647071838379,0.024011462926864624,0.5667141675949097,8.667301177978516,0.015751376748085022,0.024051116779446602,0.022118648514151573,1.1860430415566725e-09,1.1860430415566725e-09,1.1860430415566725e-09,1.1860430415566725e-09,1.1860430415566725e-09,1.1860430415566725e-09,1.1860430415566725e-09,1.1860430415566725e-09,1.1860430415566725e-09,1.186043152578975e-09,1.186043152578975e-09,1.1860430415566725e-09,1.1860430415566725e-09,1.186043152578975e-09,1.1860430415566725e-09,1.1860430415566725e-09,1.1860430415566725e-09,1.1860430415566725e-09,1.186043152578975e-09,1.1860430415566725e-09,1.1860430415566725e-09,1.1860430415566725e-09,1.1860430415566725e-09,1.1860430415566725e-09,1.1860430415566725e-09,1.1860430415566725e-09,1.1860430415566725e-09,1.1860430415566725e-09,1.186043152578975e-09,1.1860430415566725e-09,1.1860430415566725e-09,1.1860430415566725e-09,1.1860430415566725e-09,1.1860430415566725e-09,1.1860430415566725e-09,1.1860430415566725e-09
2580.0,0.02261708304286003,0.035050854086875916,0.03740667551755905,0.009717295877635479,0.022548800334334373,0.015388821251690388,0.6691517233848572,0.5685470104217529,0.01575174368917942,8.701447486877441,0.024093054234981537,0.5686348676681519,8.696688652038574,0.01581043004989624,0.024133924394845963,0.022201571613550186,1.1897877127964307e-09,1.1897877127964307e-09,1.1897877127964307e-09,1.1897877127964307e-09,1.1897877127964307e-09,1.1897877127964307e-09,1.1897877127964307e-09,1.1897877127964307e-09,1.1897877127964307e-09,1.1897877127964307e-09,1.1897877127964307e-09,1.1897877127964307e-09,1.1897877127964307e-09,1.1897877127964307e-09,1.1897877127964307e-09,1.1897877127964307e-09,1.1897877127964307e-09,1.1897877127964307e-09,1.1897877127964307e-09,1.1897877127964307e-09,1.1897877127964307e-09,1.1897877127964307e-09,1.1897877127964307e-09,1.1897877127964307e-09,1.1897877127964307e-09,1.1897877127964307e-09,1.1897877127964307e-09,1.1897877127964307e-09,1.1897877127964307e-09,1.1897877127964307e-09,1.1897877127964307e-09,1.1897877127964307e-09,1.1897877127964307e-09,1.1897877127964307e-09,1.1897877127964307e-09,1.1897877127964307e-09
2640.0,0.02313814125955105,0.03630373254418373,0.03833217918872833,0.010161018930375576,0.023184990510344505,0.015441028401255608,0.6714330911636353,0.5704672336578369,0.015806881710886955,8.731307983398438,0.024174759164452553,0.5705583095550537,8.726116180419922,0.015869757160544395,0.02421686239540577,0.02228488028049469,1.1935322730138864e-09,1.1935322730138864e-09,1.1935322730138864e-09,1.1935322730138864e-09,1.1935322730138864e-09,1.1935322730138864e-09,1.1935322730138864e-09,1.1935322730138864e-09,1.1935322730138864e-09,1.1935323840361889e-09,1.1935323840361889e-09,1.1935322730138864e-09,1.1935322730138864e-09,1.1935323840361889e-09,1.1935322730138864e-09,1.1935322730138864e-09,1.1935322730138864e-09,1.1935322730138864e-09,1.1935323840361889e-09,1.1935322730138864e-09,1.1935322730138864e-09,1.1935322730138864e-09,1.1935322730138864e-09,1.1935322730138864e-09,1.1935322730138864e-09,1.1935322730138864e-09,1.1935322730138864e-09,1.1935322730138864e-09,1.1935323840361889e-09,1.1935322730138864e-09,1.1935322730138864e-09,1.1935322730138864e-09,1.1935322730138864e-09,1.1935322730138864e-09,1.1935322730138864e-09,1.1935322730138864e-09
2700.0,0.02367105334997177,0.037598639726638794,0.039280809462070465,0.01062077097594738,0.023839380592107773,0.015493315644562244,0.6737186312675476,0.572390079498291,0.015862170606851578,8.761231422424316,0.024256575852632523,0.5724844336509705,8.755584716796875,0.015929358080029488,0.024299930781126022,0.022368572652339935,1.1972768332313422e-09,1.1972768332313422e-09,1.1972769442536446e-09,1.1972768332313422e-09,1.1972768332313422e-09,1.1972768332313422e-09,1.1972768332313422e-09,1.1972768332313422e-09,1.1972768332313422e-09,1.1972769442536446e-09,1.1972769442536446e-09,1.1972768332313422e-09,1.1972768332313422e-09,1.1972769442536446e-09,1.1972768332313422e-09,1.1972768332313422e-09,1.1972769442536446e-09,1.1972769442536446e-09,1.1972769442536446e-09,1.1972768332313422e-09,1.1972769442536446e-09,1.1972768332313422e-09,1.1972769442536446e-09,1.1972769442536446e-09,1.1972769442536446e-09,1.1972768332313422e-09,1.1972769442536446e-09,1.1972769442536446e-09,1.1972769442536446e-09,1.1972768332313422e-09,1.1972768332313422e-09,1.1972768332313422e-09,1.1972768332313422e-09,1.1972768332313422e-09,1.1972768332313422e-09,1.1972768332313422e-09
2760.0,0.024215973913669586,0.038936179131269455,0.0402529314160347,0.011096714995801449,0.024512266740202904,0.015545682981610298,0.6760096549987793,0.5743154883384705,0.015917694196105003,8.791254997253418,0.024338504299521446,0.5744132399559021,8.785094261169434,0.015989232808351517,0.02438312955200672,0.022452648729085922,1.2010215044711003e-09,1.2010215044711003e-09,1.2010215044711003e-09,1.2010215044711003e-09,1.2010215044711003e-09,1.2010215044711003e-09,1.2010215044711003e-09,1.2010215044711003e-09,1.2010215044711003e-09,1.2010216154934028e-09,1.2010216154934028e-09,1.2010215044711003e-09,1.2010215044711003e-09,1.2010215044711003e-09,1.2010215044711003e-09,1.2010215044711003e-09,1.2010215044711003e-09,1.2010215044711003e-09,1.2010216154934028e-09,1.2010215044711003e-09,1.2010215044711003e-09,1.2010215044711003e-09,1.2010215044711003e-09,1.2010215044711003e-09,1.2010215044711003e-09,1.2010215044711003e-09,1.2010215044711003e-09,1.2010215044711003e-09,1.2010216154934028e-09,1.2010215044711003e-09,1.2010215044711003e-09,1.2010215044711003e-09,1.2010215044711003e-09,1.2010215044711003e-09,1.2010215044711003e-09,1.2010215044711003e-09
2820.0,0.024773165583610535,0.04031694680452347,0.04124893248081207,0.011589016765356064,0.025203922763466835,0.015598131343722343,0.6783106923103333,0.5762435793876648,0.015973392874002457,8.821358680725098,0.024420542642474174,0.5763447284698486,8.814643859863281,0.016049379482865334,0.024466458708047867,0.0225371066480875,1.204766064688556e-09,1.204766064688556e-09,1.204766064688556e-09,1.204766064688556e-09,1.204766064688556e-09,1.204766064688556e-09,1.204766064688556e-09,1.204766064688556e-09,1.204766064688556e-09,1.2047661757108585e-09,1.2047661757108585e-09,1.204766064688556e-09,1.204766064688556e-09,1.2047661757108585e-09,1.204766064688556e-09,1.204766064688556e-09,1.204766064688556e-09,1.204766064688556e-09,1.2047661757108585e-09,1.204766064688556e-09,1.204766064688556e-09,1.204766064688556e-09,1.204766064688556e-09,1.204766064688556e-09,1.204766064688556e-09,1.204766064688556e-09,1.204766064688556e-09,1.204766064688556e-09,1.2047661757108585e-09,1.204766064688556e-09,1.204766064688556e-09,1.204766064688556e-09,1.204766064688556e-09,1.204766064688556e-09,1.204766064688556e-09,1.204766064688556e-09
2880.0,0.025342660024762154,0.041741225868463516,0.042269010096788406,0.012097716331481934,0.025914516299962997,0.0156506709754467,0.6806158423423767,0.5781742334365845,0.016029242426156998,8.851524353027344,0.024502692744135857,0.5782789587974548,8.844234466552734,0.01610979437828064,0.02454991824924946,0.022621944546699524,1.2085107359283143e-09,1.2085107359283143e-09,1.2085107359283143e-09,1.2085107359283143e-09,1.2085107359283143e-09,1.2085107359283143e-09,1.2085107359283143e-09,1.2085107359283143e-09,1.2085107359283143e-09,1.2085108469506167e-09,1.2085108469506167e-09,1.2085107359283143e-09,1.2085107359283143e-09,1.2085107359283143e-09,1.2085107359283143e-09,1.2085107359283143e-09,1.2085107359283143e-09,1.2085107359283143e-09,1.2085107359283143e-09,1.2085107359283143e-09,1.2085107359283143e-09,1.2085107359283143e-09,1.2085107359283143e-09,1.2085107359283143e-09,1.2085107359283143e-09,1.2085107359283143e-09,1.2085107359283143e-09,1.2085107359283143e-09,1.2085108469506167e-09,1.2085107359283143e-09,1.2085107359283143e-09,1.2085107359283143e-09,1.2085107359283143e-09,1.2085107359283143e-09,1.2085107359283143e-09,1.2085107359283143e-09
2940.0,0.025924673303961754,0.04320942610502243,0.043313462287187576,0.01262290682643652,0.026644257828593254,0.015703391283750534,0.6829251050949097,0.5801075100898743,0.016085242852568626,8.881752014160156,0.024584952741861343,0.5802158117294312,8.87386417388916,0.016170529648661613,0.024633506312966347,0.022707156836986542,1.21225529614577e-09,1.21225529614577e-09,1.21225529614577e-09,1.21225529614577e-09,1.21225529614577e-09,1.21225529614577e-09,1.21225529614577e-09,1.21225529614577e-09,1.21225529614577e-09,1.2122554071680725e-09,1.2122554071680725e-09,1.21225529614577e-09,1.21225529614577e-09,1.2122554071680725e-09,1.21225529614577e-09,1.21225529614577e-09,1.21225529614577e-09,1.21225529614577e-09,1.2122554071680725e-09,1.21225529614577e-09,1.21225529614577e-09,1.21225529614577e-09,1.21225529614577e-09,1.21225529614577e-09,1.21225529614577e-09,1.21225529614577e-09,1.21225529614577e-09,1.21225529614577e-09,1.2122554071680725e-09,1.21225529614577e-09,1.21225529614577e-09,1.21225529614577e-09,1.21225529614577e-09,1.21225529614577e-09,1.21225529614577e-09,1.21225529614577e-09
3000.0,0.02651873603463173,0.044719912111759186,0.04438144341111183,0.013163863681256771,0.02739247865974903,0.015756182372570038,0.685238242149353,0.5820430517196655,0.016141382977366447,8.912036895751953,0.02466731332242489,0.5821551084518433,8.90353012084961,0.01623157225549221,0.024717213585972786,0.022792717441916466,1.2159999673855282e-09,1.2159999673855282e-09,1.2159999673855282e-09,1.2159999673855282e-09,1.2159999673855282e-09,1.2159999673855282e-09,1.2159999673855282e-09,1.2159999673855282e-09,1.2159999673855282e-09,1.2160001894301331e-09,1.2160001894301331e-09,1.2159999673855282e-09,1.2159999673855282e-09,1.2160001894301331e-09,1.2159999673855282e-09,1.2159999673855282e-09,1.2159999673855282e-09,1.2159999673855282e-09,1.2160001894301331e-09,1.2159999673855282e-09,1.2160000784078306e-09,1.2159999673855282e-09,1.2160000784078306e-09,1.2160000784078306e-09,1.2159999673855282e-09,1.2159999673855282e-09,1.2160000784078306e-09,1.2160000784078306e-09,1.2160003004524356e-09,1.2159999673855282e-09,1.2159999673855282e-09,1.2159999673855282e-09,1.2159999673855282e-09,1.2159999673855282e-09,1.2159999673855282e-09,1.2159999673855282e-09
3060.0,0.027116799727082253,0.046243686228990555,0.045457251369953156,0.013709061779081821,0.028146788477897644,0.01580895483493805,0.6875506043434143,0.5839777588844299,0.01619751751422882,8.942314147949219,0.0247496347874403,0.5840942859649658,8.933182716369629,0.016292603686451912,0.024800889194011688,0.02287846989929676,1.2197448606698913e-09,1.2197447496475888e-09,1.2197448606698913e-09,1.2197448606698913e-09,1.2197447496475888e-09,1.2197447496475888e-09,1.2197448606698913e-09,1.2197448606698913e-09,1.2197448606698913e-09,1.2197450827144962e-09,1.2197450827144962e-09,1.2197448606698913e-09,1.2197447496475888e-09,1.2197449716921938e-09,1.2197448606698913e-09,1.2197448606698913e-09,1.2197448606698913e-09,1.2197448606698913e-09,1.2197449716921938e-09,1.2197447496475888e-09,1.2197448606698913e-09,1.2197447496475888e-09,1.2197448606698913e-09,1.2197448606698913e-09,1.2197448606698913e-09,1.2197447496475888e-09,1.2197448606698913e-09,1.2197448606698913e-09,1.2197450827144962e-09,1.2197447496475888e-09,1.2197447496475888e-09,1.2197447496475888e-09,1.2197447496475888e-09,1.2197447496475888e-09,1.2197447496475888e-09,1.2197447496475888e-09
3120.0,0.027709461748600006,0.04774694889783859,0.04652250558137894,0.014245151542127132,0.028892718255519867,0.015861598774790764,0.6898571848869324,0.5859087109565735,0.016253486275672913,8.972512245178223,0.02483176440000534,0.5860317349433899,8.962766647338867,0.01635332964360714,0.024884363636374474,0.022963810712099075,1.223489642931952e-09,1.223489642931952e-09,1.223489642931952e-09,1.223489642931952e-09,1.223489642931952e-09,1.223489642931952e-09,1.223489642931952e-09,1.223489642931952e-09,1.223489642931952e-09,1.2234898649765569e-09,1.2234898649765569e-09,1.223489642931952e-09,1.223489642931952e-09,1.2234897539542544e-09,1.223489642931952e-09,1.223489642931952e-09,1.223489642931952e-09,1.223489642931952e-09,1.2234898649765569e-09,1.223489642931952e-09,1.223489642931952e-09,1.223489642931952e-09,1.223489642931952e-09,1.223489642931952e-09,1.223489642931952e-09,1.223489642931952e-09,1.223489642931952e-09,1.223489642931952e-09,1.2234898649765569e-09,1.223489642931952e-09,1.223489642931952e-09,1.223489642931952e-09,1.223489642931952e-09,1.223489642931952e-09,1.223489642931952e-09,1.223489642931952e-09
3180.0,0.02829653210937977,0.04922923073172569,0.04757693409919739,0.014771969988942146,0.029630044475197792,0.01591412164270878,0.692158043384552,0.5878381133079529,0.016309287399053574,9.002632141113281,0.02491368167102337,0.5879647135734558,8.99228286743164,0.01641375571489334,0.0249676164239645,0.023048724979162216,1.2272344251940126e-09,1.2272344251940126e-09,1.2272344251940126e-09,1.2272344251940126e-09,1.2272344251940126e-09,1.2272344251940126e-09,1.2272344251940126e-09,1.2272344251940126e-09,1.2272344251940126e-09,1.2272346472386175e-09,1.2272346472386175e-09,1.2272344251940126e-09,1.2272344251940126e-09,1.2272346472386175e-09,1.2272344251940126e-09,1.2272344251940126e-09,1.2272344251940126e-09,1.2272344251940126e-09,1.2272346472386175e-09,1.2272344251940126e-09,1.227234536216315e-09,1.2272344251940126e-09,1.227234536216315e-09,1.227234536216315e-09,1.2272344251940126e-09,1.2272344251940126e-09,1.2272344251940126e-09,1.227234536216315e-09,1.22723475826092e-09,1.2272344251940126e-09,1.2272344251940126e-09,1.2272344251940126e-09,1.2272344251940126e-09,1.2272344251940126e-09,1.2272344251940126e-09,1.2272344251940126e-09
3240.0,0.02888421155512333,0.05071239173412323,0.04863246902823448,0.015298151411116123,0.030368154868483543,0.015966592356562614,0.6944566965103149,0.5897655487060547,0.016365034505724907,9.032722473144531,0.02499551698565483,0.5898958444595337,9.021769523620605,0.016474071890115738,0.02505078911781311,0.02313349023461342,1.2309792074560733e-09,1.2309792074560733e-09,1.2309793184783757e-09,1.2309793184783757e-09,1.2309792074560733e-09,1.2309792074560733e-09,1.2309792074560733e-09,1.2309792074560733e-09,1.2309792074560733e-09,1.2309795405229806e-09,1.2309795405229806e-09,1.2309793184783757e-09,1.2309792074560733e-09,1.2309794295006782e-09,1.2309792074560733e-09,1.2309792074560733e-09,1.2309793184783757e-09,1.2309793184783757e-09,1.2309794295006782e-09,1.2309792074560733e-09,1.2309793184783757e-09,1.2309792074560733e-09,1.2309793184783757e-09,1.2309793184783757e-09,1.2309793184783757e-09,1.2309792074560733e-09,1.2309793184783757e-09,1.2309793184783757e-09,1.2309795405229806e-09,1.2309792074560733e-09,1.2309792074560733e-09,1.2309792074560733e-09,1.2309792074560733e-09,1.2309792074560733e-09,1.2309792074560733e-09,1.2309792074560733e-09
3300.0,0.029479363933205605,0.05222116783261299,0.04970262199640274,0.015833383426070213,0.03111768141388893,0.01601908728480339,0.6967568397521973,0.5916937589645386,0.016420844942331314,9.062836647033691,0.02507738396525383,0.5918277502059937,9.051267623901367,0.01653449237346649,0.025134002789855003,0.023218398913741112,1.2347241007404364e-09,1.2347241007404364e-09,1.2347241007404364e-09,1.2347241007404364e-09,1.2347241007404364e-09,1.2347241007404364e-09,1.2347241007404364e-09,1.2347241007404364e-09,1.2347241007404364e-09,1.2347243227850413e-09,1.2347243227850413e-09,1.2347241007404364e-09,1.2347241007404364e-09,1.2347242117627388e-09,1.2347241007404364e-09,1.2347241007404364e-09,1.2347241007404364e-09,1.2347241007404364e-09,1.2347243227850413e-09,1.2347241007404364e-09,1.2347241007404364e-09,1.2347241007404364e-09,1.2347241007404364e-09,1.2347241007404364e-09,1.2347241007404364e-09,1.2347241007404364e-09,1.2347241007404364e-09,1.2347241007404364e-09,1.2347243227850413e-09,1.2347241007404364e-09,1.2347241007404364e-09,1.2347241007404364e-09,1.2347241007404364e-09,1.2347241007404364e-09,1.2347241007404364e-09,1.2347241007404364e-09
3360.0,0.030086902901530266,0.05377279222011566,0.05079685524106026,0.016384370625019073,0.03188607841730118,0.016071660444140434,0.6990609765052795,0.5936244130134583,0.01647680066525936,9.093010902404785,0.025159355252981186,0.5937621593475342,9.080804824829102,0.016595156863331795,0.025217343121767044,0.023303652182221413,1.238468883002497e-09,1.238468883002497e-09,1.238468883002497e-09,1.238468883002497e-09,1.238468883002497e-09,1.238468883002497e-09,1.238468883002497e-09,1.238468883002497e-09,1.238468883002497e-09,1.238469105047102e-09,1.238469105047102e-09,1.238468883002497e-09,1.238468883002497e-09,1.238469105047102e-09,1.238468883002497e-09,1.238468883002497e-09,1.238468883002497e-09,1.238468883002497e-09,1.238469105047102e-09,1.238468883002497e-09,1.238468883002497e-09,1.238468883002497e-09,1.238468883002497e-09,1.238468883002497e-09,1.238468883002497e-09,1.238468883002497e-09,1.238468883002497e-09,1.2384689940247995e-09,1.238469105047102e-09,1.238468883002497e-09,1.238468883002497e-09,1.238468883002497e-09,1.238468883002497e-09,1.238468883002497e-09,1.238468883002497e-09,1.238468883002497e-09
3420.0,0.03070881776511669,0.055374402552843094,0.051919132471084595,0.016953829675912857,0.032676439732313156,0.016124330461025238,0.7013700604438782,0.595558226108551,0.016532929614186287,9.123257637023926,0.025241462513804436,0.5956998467445374,9.110389709472656,0.016656121239066124,0.02530083805322647,0.02338932640850544,1.2422136652645577e-09,1.2422136652645577e-09,1.2422137762868601e-09,1.2422136652645577e-09,1.2422136652645577e-09,1.2422136652645577e-09,1.2422136652645577e-09,1.2422136652645577e-09,1.2422136652645577e-09,1.242213998331465e-09,1.242213998331465e-09,1.2422136652645577e-09,1.2422136652645577e-09,1.2422138873091626e-09,1.2422136652645577e-09,1.2422136652645577e-09,1.2422137762868601e-09,1.2422137762868601e-09,1.2422138873091626e-09,1.2422136652645577e-09,1.2422137762868601e-09,1.2422136652645577e-09,1.2422137762868601e-09,1.2422137762868601e-09,1.2422137762868601e-09,1.2422136652645577e-09,1.2422137762868601e-09,1.2422137762868601e-09,1.242213998331465e-09,1.2422136652645577e-09,1.2422136652645577e-09,1.2422136652645577e-09,1.2422136652645577e-09,1.2422136652645577e-09,1.2422136652645577e-09,1.2422136652645577e-09
3480.0,0.031345292925834656,0.057026457041502,0.053069762885570526,0.017541851848363876,0.03348898887634277,0.016177095472812653,0.7036840915679932,0.5974951386451721,0.01658923551440239,9.153578758239746,0.02532370202243328,0.5976407527923584,9.140024185180664,0.0167174581438303,0.025384491309523582,0.023475416004657745,1.2459585585489208e-09,1.2459585585489208e-09,1.2459585585489208e-09,1.2459585585489208e-09,1.2459585585489208e-09,1.2459585585489208e-09,1.2459585585489208e-09,1.2459585585489208e-09,1.2459585585489208e-09,1.2459587805935257e-09,1.2459587805935257e-09,1.2459585585489208e-09,1.2459585585489208e-09,1.2459586695712233e-09,1.2459585585489208e-09,1.2459585585489208e-09,1.2459585585489208e-09,1.2459585585489208e-09,1.2459587805935257e-09,1.2459585585489208e-09,1.2459585585489208e-09,1.2459585585489208e-09,1.2459585585489208e-09,1.2459585585489208e-09,1.2459585585489208e-09,1.2459585585489208e-09,1.2459585585489208e-09,1.2459585585489208e-09,1.2459587805935257e-09,1.2459585585489208e-09,1.2459585585489208e-09,1.2459585585489208e-09,1.2459585585489208e-09,1.2459585585489208e-09,1.2459585585489208e-09,1.2459585585489208e-09
3540.0,0.03200289234519005,0.058752067387104034,0.05426150932908058,0.018157340586185455,0.03433375805616379,0.0162300206720829,0.7060062885284424,0.599437415599823,0.016645818948745728,9.1840181350708,0.025406168773770332,0.5995871424674988,9.169740676879883,0.016779309138655663,0.025468401610851288,0.023562176153063774,1.2497033408109814e-09,1.2497033408109814e-09,1.2497033408109814e-09,1.2497033408109814e-09,1.2497033408109814e-09,1.2497033408109814e-09,1.2497033408109814e-09,1.2497033408109814e-09,1.2497033408109814e-09,1.2497035628555864e-09,1.2497035628555864e-09,1.2497033408109814e-09,1.2497033408109814e-09,1.2497035628555864e-09,1.2497033408109814e-09,1.2497033408109814e-09,1.2497033408109814e-09,1.2497033408109814e-09,1.2497035628555864e-09,1.2497033408109814e-09,1.2497033408109814e-09,1.2497033408109814e-09,1.2497033408109814e-09,1.2497033408109814e-09,1.2497033408109814e-09,1.2497033408109814e-09,1.2497033408109814e-09,1.2497033408109814e-09,1.2497035628555864e-09,1.2497033408109814e-09,1.2497033408109814e-09,1.2497033408109814e-09,1.2497033408109814e-09,1.2497033408109814e-09,1.2497033408109814e-09,1.2497033408109814e-09
3600.0,0.03268449380993843,0.06056148186326027,0.0555000975728035,0.018804160878062248,0.035215217620134354,0.016283133998513222,0.7083377838134766,0.6013858914375305,0.016702722758054733,9.214594841003418,0.025488900020718575,0.6015398502349854,9.199553489685059,0.01684170961380005,0.025552615523338318,0.023649711161851883,1.253448123073042e-09,1.253448123073042e-09,1.2534482340953446e-09,1.253448123073042e-09,1.253448123073042e-09,1.253448123073042e-09,1.253448123073042e-09,1.253448123073042e-09,1.253448123073042e-09,1.253448345117647e-09,1.253448345117647e-09,1.253448123073042e-09,1.253448123073042e-09,1.253448345117647e-09,1.253448123073042e-09,1.253448123073042e-09,1.253448123073042e-09,1.253448123073042e-09,1.253448345117647e-09,1.253448123073042e-09,1.2534482340953446e-09,1.253448123073042e-09,1.2534482340953446e-09,1.2534482340953446e-09,1.253448123073042e-09,1.253448123073042e-09,1.2534482340953446e-09,1.2534482340953446e-09,1.2534484561399495e-09,1.253448123073042e-09,1.253448123073042e-09,1.253448123073042e-09,1.253448123073042e-09,1.253448123073042e-09,1.253448123073042e-09,1.253448123073042e-09
3660.0,0.033373527228832245,0.06239543855190277,0.05675305053591728,0.01945924386382103,0.03610783442854881,0.016336264088749886,0.7106704711914062,0.6033347845077515,0.016759753227233887,9.245190620422363,0.02557164989411831,0.6034930348396301,9.229394912719727,0.016904182732105255,0.025636926293373108,0.02373734675347805,1.2571930163574052e-09,1.2571930163574052e-09,1.2571930163574052e-09,1.2571930163574052e-09,1.2571930163574052e-09,1.2571930163574052e-09,1.2571930163574052e-09,1.2571930163574052e-09,1.2571930163574052e-09,1.2571932384020101e-09,1.2571932384020101e-09,1.2571930163574052e-09,1.2571930163574052e-09,1.2571931273797077e-09,1.2571930163574052e-09,1.2571930163574052e-09,1.2571930163574052e-09,1.2571930163574052e-09,1.2571931273797077e-09,1.2571930163574052e-09,1.2571930163574052e-09,1.2571930163574052e-09,1.2571930163574052e-09,1.2571930163574052e-09,1.2571930163574052e-09,1.2571930163574052e-09,1.2571930163574052e-09,1.2571930163574052e-09,1.2571932384020101e-09,1.2571930163574052e-09,1.2571930163574052e-09,1.2571930163574052e-09,1.2571930163574052e-09,1.2571930163574052e-09,1.2571930163574052e-09,1.2571930163574052e-09
3720.0,0.03406475484371185,0.06423547118902206,0.05801025778055191,0.020115431398153305,0.03700365871191025,0.016389362514019012,0.7130018472671509,0.6052824258804321,0.016816791146993637,9.275769233703613,0.025654343888163567,0.6054449677467346,9.259252548217773,0.01696658320724964,0.025721339508891106,0.02382488176226616,1.2609377986194659e-09,1.2609377986194659e-09,1.2609377986194659e-09,1.2609377986194659e-09,1.2609377986194659e-09,1.2609377986194659e-09,1.2609377986194659e-09,1.2609377986194659e-09,1.2609377986194659e-09,1.2609380206640708e-09,1.2609380206640708e-09,1.2609377986194659e-09,1.2609377986194659e-09,1.2609379096417683e-09,1.2609377986194659e-09,1.2609377986194659e-09,1.2609377986194659e-09,1.2609377986194659e-09,1.2609380206640708e-09,1.2609377986194659e-09,1.2609377986194659e-09,1.2609377986194659e-09,1.2609377986194659e-09,1.2609377986194659e-09,1.2609377986194659e-09,1.2609377986194659e-09,1.2609377986194659e-09,1.2609377986194659e-09,1.2609380206640708e-09,1.2609377986194659e-09,1.2609377986194659e-09,1.2609377986194659e-09,1.2609377986194659e-09,1.2609377986194659e-09,1.2609377986194659e-09,1.2609377986194659e-09
3780.0,0.034764040261507034,0.06610231101512909,0.059283144772052765,0.020780691877007484,0.037911657243967056,0.01644248329102993,0.7153345942497253,0.6072307229042053,0.01687389239668846,9.306371688842773,0.02573706954717636,0.6073976755142212,9.289119720458984,0.01702907308936119,0.025805797427892685,0.023912614211440086,1.2646825808815265e-09,1.2646825808815265e-09,1.264682691903829e-09,1.2646825808815265e-09,1.2646825808815265e-09,1.2646825808815265e-09,1.2646825808815265e-09,1.2646825808815265e-09,1.2646825808815265e-09,1.2646828029261314e-09,1.2646828029261314e-09,1.2646825808815265e-09,1.2646825808815265e-09,1.2646828029261314e-09,1.2646825808815265e-09,1.2646825808815265e-09,1.2646825808815265e-09,1.2646825808815265e-09,1.2646828029261314e-09,1.2646825808815265e-09,1.264682691903829e-09,1.2646825808815265e-09,1.264682691903829e-09,1.264682691903829e-09,1.2646825808815265e-09,1.2646825808815265e-09,1.264682691903829e-09,1.264682691903829e-09,1.264682913948434e-09,1.2646825808815265e-09,1.2646825808815265e-09,1.2646825808815265e-09,1.2646825808815265e-09,1.2646825808815265e-09,1.2646825808815265e-09,1.2646825808815265e-09
3840.0,0.035475533455610275,0.0680103749036789,0.06057972460985184,0.021460510790348053,0.03883809968829155,0.01649566926062107,0.7176708579063416,0.6091810464859009,0.016931118443608284,9.337058067321777,0.02581987902522087,0.6093524694442749,9.319019317626953,0.017091762274503708,0.025890357792377472,0.024000775068998337,1.2684273631435872e-09,1.2684273631435872e-09,1.2684274741658896e-09,1.2684273631435872e-09,1.2684273631435872e-09,1.2684273631435872e-09,1.2684273631435872e-09,1.2684273631435872e-09,1.2684273631435872e-09,1.268427585188192e-09,1.268427585188192e-09,1.2684273631435872e-09,1.2684273631435872e-09,1.268427585188192e-09,1.2684273631435872e-09,1.2684273631435872e-09,1.2684273631435872e-09,1.2684273631435872e-09,1.268427585188192e-09,1.2684273631435872e-09,1.2684274741658896e-09,1.2684273631435872e-09,1.2684274741658896e-09,1.2684274741658896e-09,1.2684273631435872e-09,1.2684273631435872e-09,1.2684274741658896e-09,1.2684274741658896e-09,1.2684276962104946e-09,1.2684273631435872e-09,1.2684273631435872e-09,1.2684273631435872e-09,1.2684273631435872e-09,1.2684273631435872e-09,1.2684273631435872e-09,1.2684273631435872e-09
3900.0,0.03620035573840141,0.06996370106935501,0.061902258545160294,0.022156380116939545,0.039784759283065796,0.01654892973601818,0.7200109362602234,0.6111337542533875,0.016988486051559448,9.367828369140625,0.02590279094874859,0.6113096475601196,9.348955154418945,0.017154676839709282,0.02597503922879696,0.024089252576231956,1.2721705910934133e-09,1.2721705910934133e-09,1.2721705910934133e-09,1.2721705910934133e-09,1.2721705910934133e-09,1.2721705910934133e-09,1.2721705910934133e-09,1.2721705910934133e-09,1.2721705910934133e-09,1.2721708131380183e-09,1.2721708131380183e-09,1.2721705910934133e-09,1.2721705910934133e-09,1.2721707021157158e-09,1.2721705910934133e-09,1.2721705910934133e-09,1.2721705910934133e-09,1.2721705910934133e-09,1.2721707021157158e-09,1.2721705910934133e-09,1.2721705910934133e-09,1.2721705910934133e-09,1.2721705910934133e-09,1.2721705910934133e-09,1.2721705910934133e-09,1.2721705910934133e-09,1.2721705910934133e-09,1.2721705910934133e-09,1.2721708131380183e-09,1.2721705910934133e-09,1.2721705910934133e-09,1.2721705910934133e-09,1.2721705910934133e-09,1.2721705910934133e-09,1.2721705910934133e-09,1.2721705910934133e-09
3960.0,0.03693835064768791,0.07196192443370819,0.06325063109397888,0.022868117317557335,0.040751539170742035,0.01660226285457611,0.7223548889160156,0.6130887269973755,0.017045991495251656,9.39865493774414,0.025985799729824066,0.6132692694664001,9.378927230834961,0.017217813059687614,0.026059838011860847,0.02417803928256035,1.275913708020937e-09,1.275913708020937e-09,1.275913708020937e-09,1.275913708020937e-09,1.275913708020937e-09,1.275913708020937e-09,1.275913708020937e-09,1.275913708020937e-09,1.275913708020937e-09,1.275913930065542e-09,1.275913930065542e-09,1.275913708020937e-09,1.275913708020937e-09,1.2759138190432395e-09,1.275913708020937e-09,1.275913708020937e-09,1.275913708020937e-09,1.275913708020937e-09,1.275913930065542e-09,1.275913708020937e-09,1.275913708020937e-09,1.275913708020937e-09,1.275913708020937e-09,1.275913708020937e-09,1.275913708020937e-09,1.275913708020937e-09,1.275913708020937e-09,1.275913708020937e-09,1.275913930065542e-09,1.275913708020937e-09,1.275913708020937e-09,1.275913708020937e-09,1.275913708020937e-09,1.275913708020937e-09,1.275913708020937e-09,1.275913708020937e-09
4020.0,0.03768943250179291,0.0740041583776474,0.06462441384792328,0.02359531819820404,0.04173808917403221,0.016655664891004562,0.7247025370597839,0.6150459051132202,0.017103632912039757,9.429537773132324,0.026068903505802155,0.6152311563491821,9.40893268585205,0.017281267791986465,0.02614475227892399,0.02426711842417717,1.2796568249484608e-09,1.2796568249484608e-09,1.2796569359707632e-09,1.2796568249484608e-09,1.2796568249484608e-09,1.2796568249484608e-09,1.2796568249484608e-09,1.2796568249484608e-09,1.2796568249484608e-09,1.2796570469930657e-09,1.2796570469930657e-09,1.2796568249484608e-09,1.2796568249484608e-09,1.2796570469930657e-09,1.2796568249484608e-09,1.2796568249484608e-09,1.2796568249484608e-09,1.2796568249484608e-09,1.2796570469930657e-09,1.2796568249484608e-09,1.2796569359707632e-09,1.2796568249484608e-09,1.2796569359707632e-09,1.2796569359707632e-09,1.2796568249484608e-09,1.2796568249484608e-09,1.2796569359707632e-09,1.2796569359707632e-09,1.2796571580153682e-09,1.2796568249484608e-09,1.2796568249484608e-09,1.2796568249484608e-09,1.2796568249484608e-09,1.2796568249484608e-09,1.2796568249484608e-09,1.2796568249484608e-09
4080.0,0.038453541696071625,0.07609008997678757,0.06602347642183304,0.02433779463171959,0.04274429380893707,0.016709133982658386,0.7270537614822388,0.6170051693916321,0.017161406576633453,9.460474967956543,0.02615221031010151,0.6171952486038208,9.438971519470215,0.017344925552606583,0.026229776442050934,0.024356484413146973,1.283400052898287e-09,1.2833999418759845e-09,1.283400052898287e-09,1.283400052898287e-09,1.2833999418759845e-09,1.2833999418759845e-09,1.283400052898287e-09,1.283400052898287e-09,1.283400052898287e-09,1.2834002749428919e-09,1.2834002749428919e-09,1.283400052898287e-09,1.2833999418759845e-09,1.2834001639205894e-09,1.283400052898287e-09,1.283400052898287e-09,1.283400052898287e-09,1.283400052898287e-09,1.2834001639205894e-09,1.2833999418759845e-09,1.283400052898287e-09,1.2833999418759845e-09,1.283400052898287e-09,1.283400052898287e-09,1.283400052898287e-09,1.2833999418759845e-09,1.283400052898287e-09,1.283400052898287e-09,1.2834002749428919e-09,1.2833999418759845e-09,1.2833999418759845e-09,1.2833999418759845e-09,1.2833999418759845e-09,1.2833999418759845e-09,1.283400052898287e-09,1.2833999418759845e-09
4140.0,0.03923062980175018,0.07821950316429138,0.06744779646396637,0.025095386430621147,0.04377010464668274,0.01676267199218273,0.7294085025787354,0.6189665794372559,0.017219310626387596,9.49146556854248,0.02623571828007698,0.6191615462303162,9.469042778015137,0.017408782616257668,0.026314908638596535,0.02444612979888916,1.2871431698258107e-09,1.2871431698258107e-09,1.2871431698258107e-09,1.2871431698258107e-09,1.2871431698258107e-09,1.2871431698258107e-09,1.2871431698258107e-09,1.2871431698258107e-09,1.2871431698258107e-09,1.2871433918704156e-09,1.2871433918704156e-09,1.2871431698258107e-09,1.2871431698258107e-09,1.2871432808481131e-09,1.2871431698258107e-09,1.2871431698258107e-09,1.2871431698258107e-09,1.2871431698258107e-09,1.2871433918704156e-09,1.2871431698258107e-09,1.2871431698258107e-09,1.2871431698258107e-09,1.2871431698258107e-09,1.2871431698258107e-09,1.2871431698258107e-09,1.2871431698258107e-09,1.2871431698258107e-09,1.2871431698258107e-09,1.2871433918704156e-09,1.2871431698258107e-09,1.2871431698258107e-09,1.2871431698258107e-09,1.2871431698258107e-09,1.2871431698258107e-09,1.2871431698258107e-09,1.2871431698258107e-09
4200.0,0.040020864456892014,0.08039282262325287,0.06889764964580536,0.025868196040391922,0.044815752655267715,0.0168162751942873,0.7317668795585632,0.6209301352500916,0.017277345061302185,9.522510528564453,0.026319315657019615,0.6211299896240234,9.499147415161133,0.01747283898293972,0.02640015073120594,0.024536054581403732,1.2908862867533344e-09,1.2908862867533344e-09,1.2908862867533344e-09,1.2908862867533344e-09,1.2908862867533344e-09,1.2908862867533344e-09,1.2908862867533344e-09,1.2908862867533344e-09,1.2908862867533344e-09,1.2908865087979393e-09,1.2908865087979393e-09,1.2908862867533344e-09,1.2908862867533344e-09,1.2908865087979393e-09,1.2908862867533344e-09,1.2908862867533344e-09,1.2908862867533344e-09,1.2908862867533344e-09,1.2908865087979393e-09,1.2908862867533344e-09,1.2908863977756369e-09,1.2908862867533344e-09,1.2908863977756369e-09,1.2908863977756369e-09,1.2908862867533344e-09,1.2908862867533344e-09,1.2908863977756369e-09,1.2908863977756369e-09,1.2908866198202418e-09,1.2908862867533344e-09,1.2908862867533344e-09,1.2908862867533344e-09,1.2908862867533344e-09,1.2908862867533344e-09,1.2908862867533344e-09,1.2908862867533344e-09
4260.0,0.04082436114549637,0.08261024951934814,0.07037323713302612,0.026656242087483406,0.04588134586811066,0.01686994545161724,0.7341288328170776,0.6228962540626526,0.01733551174402237,9.553609848022461,0.026403002440929413,0.6231011748313904,9.529284477233887,0.017537090927362442,0.02648550271987915,0.02462625503540039,1.2946295147031606e-09,1.2946294036808581e-09,1.2946295147031606e-09,1.2946295147031606e-09,1.2946294036808581e-09,1.2946294036808581e-09,1.2946295147031606e-09,1.2946295147031606e-09,1.2946295147031606e-09,1.2946297367477655e-09,1.2946297367477655e-09,1.2946295147031606e-09,1.2946294036808581e-09,1.294629625725463e-09,1.2946295147031606e-09,1.2946295147031606e-09,1.2946295147031606e-09,1.2946295147031606e-09,1.294629625725463e-09,1.2946294036808581e-09,1.2946295147031606e-09,1.2946294036808581e-09,1.2946295147031606e-09,1.2946295147031606e-09,1.2946295147031606e-09,1.2946294036808581e-09,1.2946295147031606e-09,1.2946295147031606e-09,1.2946297367477655e-09,1.2946294036808581e-09,1.2946294036808581e-09,1.2946294036808581e-09,1.2946294036808581e-09,1.2946294036808581e-09,1.2946294036808581e-09,1.2946294036808581e-09
4320.0,0.0416412316262722,0.08487208932638168,0.07187476009130478,0.02745957300066948,0.04696706682443619,0.016923684626817703,0.7364943623542786,0.6248648762702942,0.017393808811903,9.584762573242188,0.026486778631806374,0.6250749230384827,9.559453964233398,0.017601540312170982,0.026570964604616165,0.024716731160879135,1.2983726316306843e-09,1.2983726316306843e-09,1.2983726316306843e-09,1.2983726316306843e-09,1.2983726316306843e-09,1.2983726316306843e-09,1.2983726316306843e-09,1.2983726316306843e-09,1.2983726316306843e-09,1.2983728536752892e-09,1.2983728536752892e-09,1.2983726316306843e-09,1.2983726316306843e-09,1.2983727426529867e-09,1.2983726316306843e-09,1.2983726316306843e-09,1.2983726316306843e-09,1.2983726316306843e-09,1.2983728536752892e-09,1.2983726316306843e-09,1.2983726316306843e-09,1.2983726316306843e-09,1.2983726316306843e-09,1.2983726316306843e-09,1.2983726316306843e-09,1.2983726316306843e-09,1.2983726316306843e-09,1.2983726316306843e-09,1.2983728536752892e-09,1.2983726316306843e-09,1.2983726316306843e-09,1.2983726316306843e-09,1.2983726316306843e-09,1.2983726316306843e-09,1.2983726316306843e-09,1.2983726316306843e-09
4380.0,0.04247165098786354,0.08717884868383408,0.07340261340141296,0.028278324753046036,0.0480731725692749,0.016977490857243538,0.7388635277748108,0.6268356442451477,0.017452238127589226,9.615970611572266,0.026570647954940796,0.6270509362220764,9.5896577835083,0.01766618713736534,0.026656540110707283,0.024807484820485115,1.302115748558208e-09,1.302115748558208e-09,1.302115748558208e-09,1.302115748558208e-09,1.302115748558208e-09,1.302115748558208e-09,1.302115748558208e-09,1.302115748558208e-09,1.302115748558208e-09,1.302115970602813e-09,1.302115970602813e-09,1.302115748558208e-09,1.302115748558208e-09,1.302115970602813e-09,1.302115748558208e-09,1.302115748558208e-09,1.302115748558208e-09,1.302115748558208e-09,1.302115970602813e-09,1.302115748558208e-09,1.3021158595805105e-09,1.302115748558208e-09,1.3021158595805105e-09,1.3021158595805105e-09,1.302115748558208e-09,1.302115748558208e-09,1.302115748558208e-09,1.3021158595805105e-09,1.3021160816251154e-09,1.302115748558208e-09,1.302115748558208e-09,1.302115748558208e-09,1.302115748558208e-09,1.302115748558208e-09,1.302115748558208e-09,1.302115748558208e-09
4440.0,0.04331575706601143,0.08953090012073517,0.07495700567960739,0.0291125625371933,0.04919985681772232,0.017031410709023476,0.7412363886833191,0.6288086175918579,0.017510846257209778,9.647233963012695,0.02665460854768753,0.6290291547775269,9.619894027709961,0.01773102954030037,0.026742225512862206,0.02489851415157318,1.3058588654857317e-09,1.3058588654857317e-09,1.3058589765080342e-09,1.3058589765080342e-09,1.3058588654857317e-09,1.3058588654857317e-09,1.3058589765080342e-09,1.3058589765080342e-09,1.3058589765080342e-09,1.3058593095749416e-09,1.3058593095749416e-09,1.3058589765080342e-09,1.3058588654857317e-09,1.3058590875303366e-09,1.3058588654857317e-09,1.3058588654857317e-09,1.3058589765080342e-09,1.3058589765080342e-09,1.305859198552639e-09,1.3058588654857317e-09,1.3058589765080342e-09,1.3058588654857317e-09,1.3058589765080342e-09,1.3058589765080342e-09,1.3058589765080342e-09,1.3058588654857317e-09,1.3058589765080342e-09,1.3058589765080342e-09,1.3058593095749416e-09,1.3058588654857317e-09,1.3058588654857317e-09,1.3058588654857317e-09,1.3058588654857317e-09,1.3058588654857317e-09,1.3058588654857317e-09,1.3058588654857317e-09
4500.0,0.04417368024587631,0.09192851930856705,0.07653822749853134,0.02996232733130455,0.05034729838371277,0.017085464671254158,0.7436128854751587,0.6307836771011353,0.017569655552506447,9.678552627563477,0.026738660410046577,0.631009578704834,9.650164604187012,0.017796164378523827,0.026828022673726082,0.024989956989884377,1.3096022044578604e-09,1.3096020934355579e-09,1.3096022044578604e-09,1.3096022044578604e-09,1.3096020934355579e-09,1.3096020934355579e-09,1.3096022044578604e-09,1.3096022044578604e-09,1.3096022044578604e-09,1.3096026485470702e-09,1.3096026485470702e-09,1.3096022044578604e-09,1.3096020934355579e-09,1.3096025375247677e-09,1.3096020934355579e-09,1.3096020934355579e-09,1.3096022044578604e-09,1.3096022044578604e-09,1.3096025375247677e-09,1.3096020934355579e-09,1.3096022044578604e-09,1.3096020934355579e-09,1.3096022044578604e-09,1.3096022044578604e-09,1.3096022044578604e-09,1.3096020934355579e-09,1.3096022044578604e-09,1.3096022044578604e-09,1.3096026485470702e-09,1.3096020934355579e-09,1.3096020934355579e-09,1.3096020934355579e-09,1.3096020934355579e-09,1.3096020934355579e-09,1.3096020934355579e-09,1.3096020934355579e-09
